LLC-load-misses,dTLB-load-misses,cycle_activity.stalls_total,instructions,cycles
43837814,7969968,630564613622,116523853804,704437858793
48030987,8490416,606864873318,114315757228,678752130990
45224460,8800772,600116384466,112450152082,671181416007
46739660,8498291,605705010974,113930486079,677298092263
47689469,8324777,607635614617,113414182478,678994154534
44007478,8042879,582716674564,109432383118,651218993339
43123906,7909054,600911442200,111817430528,670852105749
44444021,8095492,625920001442,115769118985,698662318853
44139231,7944320,607207824778,112593892584,678046679807
48802870,8979043,613810232789,114806338930,685888763118
44565025,8166629,629335327849,116034234306,702250785203
46660271,8307723,631036265935,117025865466,704176950923
45263911,8022844,626427976477,115651486697,699199998107
48079072,8591172,608970402566,114653420392,680865772476
43308436,8080318,607832682340,113331886753,679096281742
44435308,8350414,607999007818,113997792304,679297123732
44754386,8185240,620521088023,115505788503,692603320243
44835590,8210686,598823750539,112379966252,669116089247
43748282,8272101,619272084861,115705489193,691778750084
48268225,8968144,607179648262,114758112118,678756101556
43169049,8285456,613735822929,114520617660,685098828477
51375668,9563085,611767897754,116945163616,685402217821
41819359,7970241,606275386767,112800817087,676888463184
42457621,8187373,622385249810,115291269900,694282468293
45991606,8728481,623138456142,116774137154,695728380121
43579243,7987867,613416464353,114084089394,685001227024
44295425,8253656,598887652221,112468163640,669330134488
43419232,8203094,614063242641,114745441929,686855673689
41565084,7800892,627664360293,115903357467,700625719618
44023741,8299448,592523716283,111387082307,661904611221
42548986,7968402,612448407056,113690436315,683742560661
43117781,8055767,606197921521,113044365979,676962210181
43243047,7999390,592500717449,110530946607,661669641012
41961842,7962604,608147958415,113322705658,679421433320
42200161,7827687,618852676228,114149171816,690637773588
49448511,9367620,611940338664,116165328733,684084862199
43601915,8326167,605139100881,113520541586,676189116742
40918792,7813191,610510236244,113096485047,681810046044
42662466,8108500,589887852087,110393801888,658985197610
42693194,8265000,601077403579,112494808544,671517625524
44561251,8433121,604764652725,113631057539,675657868945
42816197,8112239,608563341876,113496330312,679426068608
42083176,7930614,597973347018,111660080675,667770489156
43185967,8008580,611911216605,113888398124,683103193270
44603033,8474646,612658220922,114890744467,684484123564
44293839,8037724,610931974016,113791257374,682549166194
44001352,8379010,614445969161,115031556136,686251534163
49524684,9332097,607553599878,115496549613,679083188867
43232643,8158584,601855369775,112679302412,672244363386
41306746,7934285,584502101238,109460774044,653175653875
42589387,8027887,607499532855,112856651370,677992099183
43134040,8082705,598954674283,112094085585,668883938810
43360917,8041681,584976356670,110127249474,653240981181
42937270,8041282,613122231708,114213595772,684724968931
44974177,8675761,615894112446,115493796243,687846171156
45851889,8636552,602695458511,113617057018,673527761647
43083638,8240162,629033265746,117053788603,703449379506
44073151,8374520,605325667574,113384253506,676471160477
48649846,9028274,606197201573,115006547917,677892411685
54944617,9795753,619359187671,118224413537,692301990874
41907377,8112490,602552821757,112673379441,672983082983
43332145,8188794,600689916294,112713403797,671215884062
44712500,8461870,611065084366,115013803990,683365020737
43491403,8440045,624564520571,116562743977,698329254968
45339197,8691946,621864953358,116706174423,695414086926
45297871,8671897,607712331921,114789253179,680126085417
44646047,8170463,606786850213,113559919276,678213127351
48164272,9039907,617769305854,116670739453,691074523619
45009632,8725585,635084711408,118468890552,710309365241
58204139,9704727,636674327546,121412284391,711421918666
46837988,8549709,611948481591,115203824862,683691378089
42863289,8074276,584984417833,109923131234,653675712309
43361423,8172911,619904645429,115337485078,692024020571
43215010,8208812,620896692740,115257311115,692922864039
44504004,8321904,588007791307,111252272527,657493160705
42806093,7993009,580985200056,109406079919,649668051171
44857696,8432527,609893429774,114590390673,681789701349
46423049,8718783,573136992167,109736803221,641631214612
45455813,8687596,618491710136,116280436805,691533722896
41843261,8021470,608535708327,113689414350,679410377771
45215926,8521420,597131678275,112696737972,667300464436
44194242,8381297,596788454118,112645910458,667436873027
41941832,7905618,612271157189,113805745183,684325605716
43057587,8188533,613460067460,114845228819,685508468222
39956761,7906701,609710738962,113490926005,680787311583
47588359,8652059,616801251712,116058639321,689397558969
44207848,8364170,619823677771,115902539281,692244268372
49259019,9100461,611556912406,116282965984,684008286805
41973499,7990080,619948971784,115004647982,692400515495
47486144,8799425,636099612717,119033682145,710708137594
43075341,8284527,601322707232,113115425450,672115050749
43008755,8248743,637137255784,117885056892,710981956414
43811977,8357330,619821392341,115942820574,692490578774
44915679,8622392,622494861290,116398000482,695632804361
46255584,8560190,589384018991,111888523920,659172731341
48259799,9010741,614320840033,116715179017,687250605202
42450204,8184194,611138527543,114148427017,682985836462
44802376,8468824,600155523510,113017142568,670662606307
46226231,8535269,584594668233,111335431218,654107260563
43777575,8206201,598056921205,112483439244,668431178982
42970151,8178108,627528629360,116935416331,701364497050
48699748,8890011,586492560737,112217719303,656577006048
48478769,8802487,597168853501,113364710661,668016551731
45665961,8493628,611223215535,114897661957,683831755778
44573835,8269492,622180254551,116111804239,695877276120
47071488,8731356,600136129442,113922489306,671232085285
45906829,8584241,631821659560,118007863845,705846742774
46251909,8406653,606142238541,113919619569,677371236091
44088901,8185936,609582033027,114011385588,681017203359
43860952,8221733,571590582650,108916544666,639764091069
48245652,8781250,620733238443,117189287612,693799246208
42623949,8017813,586821787546,110135696413,655631986629
46821902,8667626,621491629036,116521137983,694848882995
44484508,8365033,621293869206,116074633960,694249153861
41731365,7948015,592578641088,111165141620,662216104865
45310551,8363519,634876124719,117933930938,709613955125
43597856,8257206,610461323656,114069033116,681522877608
55033557,9774938,614131626207,117418093934,686453215702
44169673,8292561,623367526460,116523832341,697146850187
45405312,8525236,604802625686,114215670922,676382949089
46610233,8635473,619315959006,116324238813,691914255257
42331440,8120900,638081827855,117842477208,712925629212
45715110,8405383,601040201928,113296109138,671547728877
44129476,8350996,597706971137,112780330951,667988301776
49143681,8722621,605058693025,114666917576,677146333601
41131293,7866256,599391441809,111699107641,669507088246
45471639,8721735,587908464671,112066093788,657360585044
44281557,8364300,593677543762,112021185787,663808579948
45151502,8466194,612050907299,115103016660,684587566518
45867470,8464718,616948973723,115528595399,689371810496
45421225,8516314,616493527031,115852120314,689202652510
43356476,8151929,612462710754,114382861480,683852696445
43989888,8446606,621330232320,116034343788,694234521186
46530630,8595209,609873809230,114908326835,681719972993
47540257,8910503,644129830322,120191680162,719335635659
49730616,9214159,605892803070,115643385025,677739833843
41847463,7949643,566811641928,107261188595,633215342164
44203925,8293608,639440412197,118620363317,713958248231
47270072,8394730,625501249025,117394559142,698973591128
42910260,8167372,608498962170,113892661175,680149410781
72631820,13234743,617272333403,123068097556,693533212076
43396634,8132647,631277298721,117145678229,704860674996
49933872,9341989,609689320603,116200006575,681843279321
44969472,8135063,628864899175,116780535346,701731078337
46104517,8611392,603887798566,114020303209,675170792659
43686679,8149569,598685620163,112326302579,669117258727
44136853,8389948,613397414746,114818038367,685588528030
46858873,8737106,622104152008,116919308521,695596911349
46426901,8614809,591651457793,112143899853,661462197661
47895483,8779655,612740826206,115848376889,685690058122
47037298,8724934,619493503705,116551421568,692351737078
48781503,9072222,618058707914,116869535284,690861597512
47466778,8540865,608409556552,114331651946,679961673675
45785836,8752340,610093293941,114403882634,682434066474
46679344,8677828,614201599484,115766330428,686988085225
51687802,9463887,600529562306,115087133292,672482713715
45212791,8656715,618194150159,115964295729,690154005719
43718699,8167687,616764437866,114914654346,688661284026
43785845,8263996,609163245452,114238824360,681695948857
43952224,8235826,600232077341,112791199179,670975810469
42979080,8207453,598961555135,112610819028,669051392827
45136867,8422998,618726349656,115557675922,690659669241
44328691,8497832,606320471928,114006896246,677051480068
46735203,8776149,616082850071,116392870010,689593651571
46322287,8744163,620264860721,116591440453,692963324610
44853830,8597296,611347786599,114715301082,682892823971
43722697,8108042,608050909257,113681424013,679455233541
43182065,8308804,580579064625,110302739400,649633116076
45714427,8573519,616271159038,115838330909,688994090219
43431912,8254579,632495092594,117479063991,706552263062
46423505,8451882,617971209860,115647737731,690369694979
44442342,8115077,597828766207,112310983488,667723225351
44013842,8270599,591300116460,112014720159,662007028122
43416239,8467652,593850238509,111887449296,663510369022
44933214,8444866,604639068860,113921942807,675963466120
48404515,8754986,607119653157,114955819767,679200634827
48493832,9122129,590111180165,112839170315,660448454176
43561710,8238997,601624451119,113156981915,672282656628
41452451,7952783,616198774443,114122560397,687931365294
46749895,8539288,611971501416,115070823139,684041283350
44655889,8477245,612291265189,114962452600,684607229504
85991007,15379989,619459582418,126272151830,695255358444
46120462,8905410,592617264489,113039434465,662944950606
44383101,8482826,588274087779,111555396418,658203963464
47832993,8721739,584762572376,111568413730,653918813810
43207425,8253955,600196382460,113132070123,672156835742
42206857,7857560,602687418142,111931107886,673094735528
45950137,8741623,594874343234,113274033534,666339472582
49204943,9174148,608374330348,116020247382,680330262704
43893166,8190217,614732557726,114652459494,686100849103
42773789,8093240,603135927560,112568290115,674246006721
49565649,9050403,596215075444,113827122369,666475283949
47367833,8931278,581955608112,111786607949,651338089365
41677412,8032078,577367400149,108705347253,645028525979
48735726,8645541,605004320590,114601065327,676667247014
43586135,8237922,626305149359,116713790355,699646634312
43902654,8121924,599695511840,112752308829,670672522758
40235930,8070947,606654681056,113503869217,678062925295
47755771,8848870,612380275610,115793747809,684648507885
39945015,7903045,591624101712,110863907104,661115475635
43936948,8283422,615100535187,115132104286,687216577730
44762260,8545251,605583895337,114216679757,676777182717
45660853,8523790,615958327105,115391450935,688178407222
45437843,8410341,604567107467,113812971959,675217475012
45769626,8456705,593063584476,112267441790,662988122554
44671367,8462153,613887713724,114814863137,686198076606
46285826,8574627,577377458178,109998317650,645493021885
47306523,8916882,620534093731,116611066541,693514920443
50311625,9241386,584628464825,112527826237,654240382178
47665366,8744998,606717142216,114691867680,677939033781
46037837,8466546,591076839570,111730595266,660463997757
44965398,8721560,594557539497,112493255228,664935205667
44370876,8459082,599940175636,113178550649,670058232464
46447575,8745664,613672013703,115343155430,685359502359
43549361,8254424,590315001476,111253595472,660374360283
44278324,8574464,616079656187,115567177131,688578910610
44301089,8187768,570334819899,108470845756,637567312439
43460674,8107277,607107991646,113220692221,677932121318
45214270,8422028,600509018582,113081809328,670458990386
44145367,8379837,607449836421,114025505603,678873683952
44512348,8453519,606970497058,114119754218,678111861917
41941203,8023407,611384116239,113397930313,682676434318
46147007,8675916,595926064210,112840310483,666994480896
42496237,8250329,597046568511,112184323603,667059842100
59163354,9992860,617124893455,118868505770,690065963527
44385716,8110518,620997400640,115579539542,693189768779
46209793,8714331,578450506590,110362402401,646452545320
40968921,8176240,607405528778,113412155392,678493908742
46392093,8413951,610943873139,114598399157,682221948688
44920879,8382281,610539917042,114499358434,682227100701
46667849,8629613,598068073212,113243895900,668568473930
46211307,8594981,596488496881,112674629803,666432424585
44405277,8337064,590023457132,111211829791,659346871240
46302489,8865466,623407271650,116783810592,695842603047
69303154,12329741,607312093107,120239805335,680943065665
44987415,8486713,625570119211,116641969383,698416780815
42547343,7982973,575912247734,108386643711,643863780542
45442420,8502427,614270682776,115477128538,686385671096
45077109,8375592,595829016372,112514837527,665734589559
45661938,8403735,629855754113,117219212364,703057357333
44337311,8230643,594207316825,111870181453,663716984439
46379217,8576111,590753657101,111912085399,660368627399
46315692,8663903,583838257403,111158599327,652763580861
41394615,7735609,604670027331,112082046910,674841831933
44072254,8237161,619279065622,115246696338,691326235645
43589417,8195092,595594787786,111947447289,665664396123
45348771,8856587,606678969616,114279626452,678161630748
48691533,9089907,579340495362,111601311055,648438494070
45081626,8453167,597425189028,112713397963,668070759177
43205740,8233766,605514712246,113348255761,676295277619
45131893,8469036,608275510433,114252662973,679340766947
44409376,8306245,595442835947,111929217283,665437991261
43258451,8189686,597473939285,112466693991,667976175937
46336806,8590292,619982502849,116179811700,692181752883
45951558,8435956,616667205632,115247441955,688404819471
51032680,9550632,632563474539,119002781322,706075044938
46951364,8705159,595058638462,112861093334,665768512214
42555573,8086274,596934103879,111912433038,666783519633
48752497,9036909,595137618256,113329433164,665172707404
43136126,7734823,616071469848,113565135898,687225904461
46303882,8525400,607453622870,114247454164,678563511979
48236007,8804428,586663804938,112054581626,656770423863
46874561,8577715,591910457558,112528883312,661963887135
47802235,8805716,608886428492,115013458388,680787066115
44817927,8291967,615283448249,115028806351,687008932875
50399272,9069522,612746018473,116276202186,684721381619
48735111,8819921,595614669250,113209439402,665951794711
46700543,8910936,593684866210,113044022190,663587144214
43749408,8143757,593491750091,111516987628,662789770260
48643684,8921180,611646660783,115552538817,683307185384
48584824,8977363,629430994636,117968922510,703686936113
44347035,8130964,602774618105,113121554234,673680656950
44553265,8605999,620991154157,116552743961,694276399191
46155533,8497885,612287086992,114935238505,683931466678
55769823,8606517,582314112595,111989146095,652495490409
59405532,10247430,618669759372,114367628120,690760037068
54604060,8552414,588593713766,111607530118,657637734697
48658902,8530268,613298805950,114761056671,685431036535
48703686,9036595,620366204149,116825356441,693818352750
48586514,8664756,623056313116,116646352056,695408570040
43468195,8151482,598713819395,112230599190,668887977305
47737535,8623188,604979794060,113950520744,676057075370
45541650,8543714,587478273645,111617139143,657409901773
43006432,8265161,607141681179,113396503568,678463348309
46287972,8447328,601480800602,113430127103,673098305240
46278740,8490707,642811598123,119334272885,718163054792
47784346,9002155,597505033949,113845036254,668648570723
53026192,9285716,637342153849,120733906566,713095453546
44246540,8314431,625868880469,116432834469,699425356896
44873490,8221058,625216209893,116352182471,698845281113
44207047,8427456,607077791492,113712308018,677943471194
45693051,8610902,610781450093,115031260019,682836096183
42060600,8008764,617507928528,115128313314,689953795594
45464885,8955927,607842554126,114432696209,679491609287
48950028,9089426,580457956494,111606615392,649126834769
47591184,8620106,627043549763,117777454190,700524672635
46796366,8601712,627715316444,117461830542,701242524326
41252395,7913328,598990982198,111983527833,668881850722
46271948,8620727,608171161826,114639924320,680091384852
53939917,8520047,612207320225,114573727302,684155740523
65533099,10480253,628706492539,115648681627,703201905633
45990065,8568223,614443905354,115433377830,686660359102
45396235,8342644,604488490666,114110688839,676163489855
46234913,8671944,608005641661,114386496556,678875251747
45200008,8570329,629908616543,117576785574,703531241230
49772796,8826100,594796556084,113294329821,665194947487
46159531,8470638,590996719480,111926409690,660652672597
63348444,11200041,615491360733,120209089755,689368769074
48660791,8721722,603572945671,114282011241,675234519670
42885470,7937727,605046080714,112808353996,675640783653
41825147,8054691,627597933584,116048597005,701289853835
41342776,8028977,621554396092,114980649888,693985332268
43447628,8353305,618115531988,115445963919,690073046959
44056468,8206118,611548592324,114060152748,683350855034
42789767,8038282,597370255288,111833813814,667923977488
48028193,8617554,605676435838,114557625662,678538823980
46949131,8549378,619468491863,116228904698,693419446204
47001871,8506686,613296611244,115001307068,686448544197
46415143,8584294,608227478780,114620533164,679761906524
44850301,8236305,616447514047,115371277603,690359568803
45838851,8646842,619054004772,116158985538,691722288953
44818194,8218783,631602193891,117263514089,706087143852
44671648,8242844,614234425322,114545225329,685850697052
41873652,7990539,618054050564,114773592983,689715528470
45481990,8495600,618285866736,116136043188,691840754443
47098110,8651565,600768042209,113731587055,671617318599
45064596,8187269,636083644058,117906258948,710225891816
44616783,8510352,573997663579,109129652618,641733648011
43393162,8236434,599301272868,112475738293,669313850835
47702744,8827909,627054017521,117757785308,701120692459
46193259,8376575,588200922690,111066830396,657907433731
46587037,8649315,609878636741,114623642113,681325827635
45777839,8523375,635467667610,118371029462,709619753914
39993908,7811014,586627883773,109812114838,655923542298
45366967,8567694,610608666994,114730583489,681874168193
44246735,8335086,600386666842,112978388040,671016308609
43189266,8219092,625043299213,116172310137,698643931308
45561612,8424423,606959871973,114404196912,678895076048
46554685,8528122,618402518794,115748905051,691137571417
44049130,8237016,628643956992,116826846227,702389195046
44492031,8407206,598664981791,112737907556,669265376299
43772740,8141128,596437459292,112060607240,666846068882
46890091,8519141,621526748886,116640128423,695053588291
48555819,9043674,613621420387,116225213569,687046195207
49128785,9350181,629257780258,118934026930,702929004428
41744208,8157270,592902689137,111667441242,662851538116
46646592,8645105,600001221856,113464671752,671055630754
41843468,7955477,615728498780,114428656692,688420477778
47458733,8759864,622223691219,116691188244,695763086480
46880144,8965543,623915355819,117394539587,696878082577
49929642,9187321,610354893030,116139469897,682054790724
45906557,8584712,631583304471,117991699609,705876998827
46142221,8552511,611722346775,115202445194,683825121248
44916489,8419797,604462909253,113632125673,675403838563
43476370,8462120,608658967129,114532410280,680917581642
41399355,8082878,606475326566,113247650124,677371647036
46814442,8613607,611805915021,115075589063,683741211818
74984092,13700974,618650650557,123702368990,694558376888
48224113,9012174,610160961922,115861494730,683562518870
45215994,8474590,595726551670,112984717969,667038698740
43113778,8279481,631994086160,117133790080,706185709946
45806471,8596403,634423932745,118319324260,708592364961
48574908,8972618,615658638449,116241963145,688072724351
45963765,8605630,593705831058,112632403807,664485492839
42437749,8397642,615462652720,115135331025,687508431738
48087570,8749072,601314040648,114025035238,673058378117
43516292,7904674,614966669966,114432298966,687833967463
46133566,8221916,589640609400,110815885693,659149594570
50353736,8744307,621568404997,116803495270,694893480672
47060356,8513546,603125581408,113877158360,674417582911
45059359,8553350,606897549613,114503206922,679055282995
46037943,8528780,623631608851,116585356387,697271907559
42367534,8182383,579612547672,109151066436,648765760013
43307163,8280678,618332606561,114916296048,689900623381
42005152,8137886,625447260870,115815703790,698242377254
44588345,8457051,614225674847,115076360104,686603099607
43179944,8025847,600643858272,112114707714,670595797283
43348230,8115269,628294482826,116307235017,701394884982
45888959,8454491,590323773681,111804482117,660324130191
44125434,8299725,596276258254,112685113162,667019141923
43208943,8150268,619694981396,115133691536,691926949249
45640518,8535162,600101015591,113229227218,670596617803
47073613,8558473,614107560874,115520131635,686587552260
43061733,8169453,617165251371,114779117085,689448508639
43163620,8134286,599919469530,112311364684,669713101290
45786023,8425502,619786024747,116080467060,692826739291
52399036,9376405,623505098820,118074169463,696518084357
44137539,8315123,621085891459,115544335313,693470646502
45379073,8255106,619659737480,115785546952,692510888452
49555624,9128896,615201421352,116505888863,688577392896
44239829,8228544,618976962947,115312805774,692543589340
42472906,7949042,590188387843,110476749688,659342933303
46342859,8107644,617725970297,114926804447,689994950677
52081646,9425037,626254720255,118530975695,699987951633
45549946,8131099,630698579165,116837844042,703876720353
55860222,10047757,631183312257,120122237452,705052015522
45012473,8471320,622732427726,116450227714,695658223026
42901624,8046775,613072810787,114221593658,684271931202
46346981,8309823,593482380355,111966762610,663635992681
45275168,8388139,631569825253,117765313460,706120867988
