prompt,LLC-load-misses,dTLB-load-misses,cycle_activity.stalls_total,instructions,cycles
;)SxOmUt#L)JyB4s/vmsiJ$a-:fpLHan|V,19615544,3942974,7115269936,19030595574,15937605099
"d}S\Z*uV1Qs%wU:=aYu"",k;'?9|L'VWt(.\j1oG`n*T@",20693422,3922525,6366495339,18109495679,14141478164
"C{rokp, _;/g&xyS",18708652,3893078,7787962879,19787668635,17303902494
9NNn2{~\p/IC^:!(M6Wkj'M'ebC1)_i:((,18221259,3898239,6663942292,18624651684,15004552444
zx#L'&4NT^\+0@a'$^hKB.01RgD&4DsD-cZ3c7ucFZ,18828342,4120038,7275326017,19096456886,16128835102
"d'u>Yv$)w2Hskgx&?PCkyJe*Fp8]i8Y6.&V|{s<""K>Cy",19983343,4301581,6569100117,18200132242,14628759123
"bV@}w!Z={]c@rnoWt.GkU"",HVeD ^?CnuKaZ:",18863243,3897128,6753105482,18690464068,15024770224
(*J.)s'tFJir`{PY8.)rBM!i6(p7+xSs$D:Ua?DW>,17692315,3913346,6243765904,18331597670,14277461283
"Akm,+]RYL'Z{=""!KQU^S",17829896,3879687,6126461299,18163373193,13934132860
lbs{P;9I'>RB~(<H'exr>B4of},19611561,3924230,6967533035,18770519048,15451228693
VXU.joSF2L/l-L$+wW^W~He1ZuSV&sozrCe7s&mjX,19472233,4808899,8266465214,20094970325,18076044115
[D@Qfx:qz_9n]}Y<Z.8\y,18325873,3919927,7518514376,19444040768,16730609741
"jv,@s5R^n57eS|-3KK[4DosNP/W|uhavdNJ9Gu",18307935,3870770,7219210957,19217168162,16183542353
:ZZf031-C`VEb4QZyF?S|cL3=7sLA:Mx?df4Ikq,20368767,4110660,6940572329,18664261546,15328721715
"wbY#PdSUx:OStzOhH/./3wRn+)""C""o-U* >:,j%}F",21105773,4139891,8050513381,19643139491,17515890738
b<):90k5g<jrYP+**1UkY_zobmT,18104193,3881273,7019975822,19058106582,15837599769
z2W(U%E4I0 (dLmnsJbg)j^@,18563275,4569339,6413205209,18242277489,14487979570
"Ym)C?Av?y,r",20565312,4000131,6489085084,18160103954,14397134285
";YHK@ EMT?9TCKJfPS+' nG&$xD~!F,""3dIRf&&H'fh&+",20969552,3880713,7462525503,19398934802,16547919495
1L:D#9=af?=TP,18422110,3894619,6795675311,18382965906,15073337074
-{eA2TMd=P#M,19342470,3933007,7299893295,19217651530,16209867081
M)iKYI5tW8!@a\bEP{>0cnWZobk695a0t,20045154,3858047,7282714890,19079841373,16167602431
"t'_Q-+d,""SR'k4b*+ZqD!",21006563,4222115,7598147462,19410858309,16752652298
D.<+[Ef]a3@m0@26jY;g8F+V_'y8#ZKxJ,18384035,3926424,6904739017,18798134791,15504364542
"LBkRs,sM;g=ejGF&[G+ww/ 2KJ;",19188593,3896389,8183737140,19110841384,17981531308
.lLW|'lxCk-cJ'-,20741121,4018088,6838707757,18524402084,15074762875
blTOKH[a?Kj*Gg[keHV\3I<4]/^G0n%vIMG)UNxJVzreh,19197628,3906899,7488508160,19472197247,16618201027
X?A<#<*pG5LtK>]{5~SZ_QykNnnJa_O>Q?ltibH&W,18556772,4423914,6920418268,18748100147,15441951773
"W*AG3x$j=:DE""dFBLd@f)ql2>LO),#oj<Z",18052083,3934362,6612432878,18555044541,14963418866
"""Ev{?hiaYg&]%(YbsOI(Ue*;ua!CvVR2]s]8F_(7P0hkZ?d:",19998275,3928399,6705775802,18547781804,14945765016
"#dF4^>t27n5V46d$T=.Iiv""z;",20967369,3975534,7563550882,19362729653,16641153283
oO [m%8jp=dQnN!#/t^4,18098651,3956914,8381372953,20381910240,18524592767
UX-|WbYX1+_c(:'$P\`HKlHES.8[]QlzO,17644262,3967486,6942508615,18952255725,15627801577
"*08tD]4sQ7=%?{ Z""'oCy1Vm^6$2iOU/aHJ",19426721,4445172,7461438431,19411482521,16582818327
"aQa}n-vO""0=f;fQ_",20626036,3917507,7596356621,19371947805,16736868397
^[312B/wMw,18931047,3836133,7336461005,19335113585,16361775764
iO\2.#xt-A}.Tkp,18194150,3959878,6564145699,18561387133,14892105619
IBCdRh8pT>Ksh;bM>:MC+,18675765,4098104,6609318177,18325165708,14893267077
"<Zj]y!~=j]xrVz;XKbq i""wEZ &4FLU+tkHPO`HN$-Ixoww3&w",21387733,3914079,8112088762,19849284231,17669506557
"hyndj>NK0"";B^<Q`,X:KXR''tqC`\{O6YtNN~cGdJ",18441024,3982731,7166254790,19149556009,16015284770
"wxb,kj8Kgp|T|V4x!",18522832,3907164,6450524531,18370320237,14552401459
V4~%U3HnEa6I/(:NajzbG\U;uK1.3w}O%~lz;R8|=ckrnS:i,17499953,3858285,7064505885,19159275655,15894475293
5=(&HkqkX4k^w z]#^??>,20183945,3872725,7529034299,19486581283,16689284299
"1fGQ-?o~k~5|DGxY+i@\/.# oI&""A$$bp+Qs",20765933,3949260,7950063734,19782464442,17539717859
"""q(rW.{+)D4;j,P",20569044,4710228,7533278509,19040097222,16537810014
"2b~}wAZa""z O4JbcjZOR*E]yf]}e*W8E1s.<:M_tS!^`E",19566070,3928246,7157477123,18999776965,15907569762
/?Kgou?4&c5W1,21667341,4276170,8215700240,19209237782,17816045631
&3q\sgt[y0&YBIt]6_p1:&TN9,18512909,3964454,7894569435,19838634568,17575243528
"d:)wrQ""hrz\~XY!s;dU[C0X0m6V+Cy5oj@2z].Rh2*wpt",19230821,4210407,7578816660,19314080132,16758498356
"R%r)Z u""V`Td",17321948,3922007,7138173364,18886351721,16093704925
"r0(>x!v0"" n{l",20534342,4841165,6914892772,18696941080,15285942146
vM1V>~feCvIPDR}P$*uDnRQ|F77thum@n0,18985697,3964638,7969697149,19959466877,17669755734
"_bg^&7MeYnpP<OjHx! 5_yPTr[-5T,[+*ptr_?",17789251,3912326,6878795345,19021258024,15562611622
Pu4a(T):aH6Z~9<@lc3O,18880790,3904531,7504735162,19389482452,16709342858
Z|>gbO&8q)0&8Ba]>fmCx+<gM`ytQH'|4|\A/gi/F<a(F,20415168,3900164,7277115491,19146144710,16152212043
M{-I5:!gzKW},21001629,4120119,7625029876,19407914145,16763786934
w53Yxbzj0{'FHa93+N)^C7:e,18624821,4053012,6316157454,18143569456,14250935112
"==jcg=Pw@2,ETHB0ls4'}l{({fA>w? G.=y:]}E^@y)od6",19043481,3892597,6679180220,18589262022,14960072340
FP<GQxw.UTT)=9c* 1)'F,20301890,3984032,6945392987,18730789142,15384027143
Z It|^/=B9!;D. ((Ots&(>Qo,20180380,3859826,7559460638,19525642102,16750914129
5vEz_g!)(gdX}qCN,18977955,4347809,7140125617,18845328909,15945889826
"dr*D|\kQ=xn5a#NY,PeoLb;0cU<yaS`~v\'P~TkeT",18525789,4436796,6369580432,18280313622,14375681270
"3d1]ii]$NUt)9)2wO s""ZGe&vT[&Z""+O]<uV5QPWb",20226900,3930692,7758752091,19516188288,17064683392
VNI8Ioa!y:61u+Hy*oPK;)!X@ YBbMW6ZHXdB[Z~Lh'6N#X,18906359,3924109,7230463771,19274320726,16188295229
p6<9RAyo`8jBSJK)w ;<?>+*a=,19738175,3984420,7100487369,18813359512,15676327596
7x^`kMviKA99f%MbfM)\KLXoJ!;4W1<\ R<^Guk);B.dl,18548793,3885981,7003545319,19110880388,15831574855
D[uMc4?0{'cI&,19920103,3864966,6860381654,18582229422,15227105199
"Od:ygR;<n`nNaOAue]eu'&|""Z7Fs>K?!k",20227514,4284263,7626396315,19501286041,16847956762
"9->Lwv-$Mf0W7GA,j]:%]rdPO@D9 }cR>'7fLzw{xG",17702253,3929570,7592885660,19573975502,16922291891
5(<$Tt(yXX3,17862837,3957896,6472743978,18233151143,14409432909
"(UD'AC,h\yU^?i0hQuF\@=m[=PI1;\O( nz03S4uWL{2'!p(J",19666374,3876759,7569831955,18849908814,16777339020
"%tn3<zK"">Nv;GGxJdfZdcAw0]n[DBl~7;P5W|.D<Bf{YJ*",20174084,4078270,7573491286,19438225054,16723713394
"r=l/}aO""yZup#D95w[Wx",17931618,3915938,7521434345,19445734407,16728518589
<@qIf&:IF;7_C A4d{cYPQ),18313919,4437824,6498593706,18446475083,14748284074
d[2cTxVz[)y}!#1bP7aUD,18358298,3981112,6723628586,18723860434,15187596898
"8*&uOu|eXw`d<@#Pl95)r,TQQ1*",19704290,3968940,7788028666,19627801868,17142959468
"6q6V3R?P_w5@SB""h-{]",18365859,3917637,7348986154,19357096825,16441376164
e~uvpGVKAvM^U~qK3~.ktWjBzT!x\,18680767,3987650,7046195763,18973911300,15727126596
/r~l$31fvX2\{AE,17426220,3895414,6455138969,18435050158,14708087861
"j<x5)M3UWd6pO)b:L5M<9=iS/CQ@bBvqq(-kplG,oZ^5S,T]",21402639,4183048,8081455875,19830668733,17628435803
jBy= oTV[L1yq_=msh/uluf+=02[Fxe-'E5>5!Y#),21275347,3950935,7707464807,19415811691,16888004006
"q:\ECr""^(k`1{IUid-jZ",20360905,3963073,6747688016,18428202933,14964778024
"XVMaS, }c&s5[""u[)D%r<0O2D",18268128,3913085,6828075092,18837138690,15365394679
"fB^(""*I0/HGkec/t""3{,P_hUVXI88u1iJ)[[I%!y?v5v",21646381,3899121,7516538472,19187942446,16464589572
"GEL_ &;+T3[$^|0L{Rw'x@'X""&idU)!9wR[fG",19957106,4667409,7964163803,19889833138,17562019645
"YQa_[\EOdSaD4,T&MNh+#Q]#(Q(XJG+lQp`xkR`L",18822589,3909931,6754242819,18621547232,15148967686
Yf]UT' Sc59UFy@:bX;,20269061,3923961,7420613782,19027266341,16348169588
"+D'"".YmE~;Bb8p15,>!c? 9|}9Kha]:1/a+r@F",20992178,3885693,7884022815,19646946884,17251259896
/tJ }Dh+BCfy+o^2`S-T:tjh,20703104,3858819,7654071502,19422565311,16791487388
"i>""#yvl^#+cwLRxK",18352417,3840379,6599786363,18181226590,14816019671
%a0VZQ&2]X/9Y]tF1E*Q\txH!|_2/ULI9St?{C'a8,18618779,4777263,6719555549,18202296004,15055242474
QBylJ_`;Aqx(nH[vg0tkV%N%},20652045,3942494,7057066896,18933461973,15642855834
"}7[""$CirOZ'7N+Pj",18679616,3885479,7512705734,19549149471,16698481480
"[.Z`MH+?F|U`=hds%i[=-[gJf\[,6",18118213,3909181,6542349008,18534072365,14794298952
-\!?xlSuOA-`Z%o!Jc>$#N&j9g2<0,19108024,3894372,6402352192,18252765926,14334132559
v=kp!i].->?fWcRcIDm}| >Qo5<7>XoL,20325903,4051688,6689120937,18517611766,14902162804
VA[+QMqH?%ot_=fq,20690307,4120084,8239911129,20129510963,18060716838
"X{{XrBivAdX{n""0Q-9>Q=@uz4,/~>'+l*0Z|gT'z(8]ov",19517919,3946310,7248823962,19092013113,16107730382
Vs_Fte'3rG3hEkVk(a$X[:J3Q?cYB<p3RsRH>!\FsT,19121502,3948946,6836551487,18414782200,15371150423
6jGw#www.\@l'S#Z,20252968,3927725,7452197487,19372236082,16523730528
"-G]NKB(T3x""|7P6x:G4l3ihk{I",19773155,3919341,7825873882,19735320451,17269445036
"H$JxMD}v,Bs$0",18415194,4694731,7739360989,19607242577,17123812621
aeE*n<_7HMrF5lko0|RDB=N|m/-,18941961,3868429,7933780994,19358605830,17608984056
";z8pKf7s5>e,",20456728,3967493,6948074371,18724466304,15362257139
"x=mY(4;O""v6lf.UB%g,Gy:_Me8]N,e>:\:XT4~qx8f%u",20076537,3934440,6797110604,18688553187,15156130759
"r/&\ISI.I$JM9m88""n$ kcI.1(yw N$/O,aA>RUR&`",19627181,3880235,7372744736,18722964889,16206781428
"Uhl\~fnfcldj#_w,|QoAgg$%""SzN",19283610,3895089,7783290604,19463050634,17110710720
W<C-0T:@[[*o#$P:zHEd%}A`<ns0RlE#U7^()dVT>:r{;XH)PI,19971434,4853137,6430863488,18347877207,14496079482
PncY(wZ7.K> x6f9~O`0z6Ff(=,19293558,3891404,7969924104,19671514340,17692681325
"N)_q'm/s|Pv$qEOiouFOL_PM~',[XH\F!+=u.v0aQ",18978554,3926571,7575092586,18481246342,16741740987
DHG>958;UM6NIj3PC#H@YLeBTtjuU:RFEl`^,20629787,4390957,7360755768,18892624491,16255614888
`AXdv (SDyW5:P:j+#&LeUC05g,20192524,3914114,6455571101,18186150985,14343525594
:#[o6aJs{!t[c{*?~j'L,20213925,4519723,7112529595,18993744621,15755408754
"VK[(HeE7_{BXl""(X4wN3s",17373617,3869719,9629624680,21657704875,21119375478
F~aB!jLQ/lyB)0N^h}OPT),17852864,3913137,6715245784,18779041681,15222542852
"[6?@65gL0+zI!gU,/bY5PGbahuL9a,_s#:N",18546517,3879434,7025550705,19066726299,15877329078
NhGGk.m)y gPl_o^14vRN`h,21252492,3934114,7832058275,19537176284,17122759645
[ZL:?r]2iKRMd\9Y4=M3,19071947,3853274,7039835791,18984703682,15749370717
H=2W/2TmtwZ'FgO]J#b4p{AA:=kaI8=?Kg/jgA,18894359,4399284,8444845576,20408669475,18614083832
"cAZj1eY.&p{C""8^9:=85fpqoy}M|MX6OG &a",18226128,3882929,6338241841,18413172384,14448245138
u!vWpIfwa`1cV'?].?Uc$d3x9BHX2cf7^8I(hX*pRB{o,20749921,3901910,8120779525,19948269512,17756651618
o[1JsHAd%k[uI)M& ytXoU]=A!/Jqv'e|:uUA!}fmD1R*Pa gO,18560114,3908956,7563659137,19227874403,16776009013
"7""}X$$Xb-!.TX\vkf%VW\Eo<[xNP.=FMLcW%$3-",18276422,3951634,6964530529,18746465070,15649505886
"akCpB%[OT-L+*nN>TDei,4<DH",17793988,3866556,6310133985,18433684640,14399520180
"jto<.CVc,1t[D/f|gs{z#6j.VJ+bS",20973030,4754589,7243927857,19002066233,15953420535
zf9*I>U$`iE/3ZL1gwZY4wl@.Bi3cj'[,18728480,3928082,8382681049,20382511735,18447856175
"FD~FE>Hi1)JHOURu""1 9tN'",20036627,3914262,6551117837,18248521304,14583897218
"R-R~!>G8$=5LJ,s3~B\BmP~G0~7Ot.2c+9",18417490,3981593,7167702919,19073244563,15979166514
X@5j*dn_Q#1gl8R}x2o6!Y1g>S#9QZ86T8l^d}Wo,21111312,4296884,7533444431,19019231831,16410907441
"iL=#?z?Q""Z)K^cU\p",19896797,3894279,7231571147,19214930669,16104465139
"H*UUawZUv""K3rIEu[po=tQ?J,wvn]MlUYUY,KxmFm|oh""$q",20702850,4133174,7202455808,18867311750,15852884910
"NFY>![""!gRF:`7Sn,l<6Q",18369292,3952718,6613953380,18623984749,14994893045
g]$GjcR4vi@*QN,21009698,3989119,6502500488,18084472182,14376806245
l;5_O=\0%_|r;tgm|sB0e^NTJgy.o<z<\;1~&x(=\$$X,19195443,3904025,8212534977,20236804061,18123453825
uODM{Qa?.HzvZR{+UBZ~AI\_; IELko^Us$UvcC,20725871,3856853,7709260783,19472362256,16912392215
"&>X'5`ytrCOGWa^xZl""uFk|^Z d4V\WQWBd\*H !PAc",17234169,4326580,7206180568,19317688485,16232126235
dTZ>@Q'Mm9M}i-L,17888029,3903824,6435718155,18403036990,14560541228
"8~K^6Pmwer0xlT{itOr^i' m!o+`cFFyIsP6a},6oa+""<",22998096,4225275,8456052205,19933112488,18229346250
@;dBkRaR^uRP4i'hoH6L5z#;30G1D]*Y0.0xt_^'qIl,18981142,3895395,7323714999,19428752551,16415086213
*?H.S}&%JfBeU}tE)@zK]W|#j,18462995,3860342,6535823362,18549193847,14778554975
%x|VcT'<OFw,17817142,3893654,6945357516,18909470071,15611969999
"MVt%>\8_&[C@#9#+4R(#m_>8<t]MAw^u$c#gc,U6DY$%6`Xu",20346971,4325408,6753361791,18492305010,14981145197
dWbm%1JWmrNL.bU:%LeoP,19553136,3950551,7810722702,19750389601,17231390409
"9K><DcW9a^x8*--""7Ik(&2",17950553,3916099,6340416211,18264685075,14329369990
vTog?@c_|E>;-Vq2T,17758705,3867130,6697332855,18793300015,15186707236
"T`lK*\(rF[p]!-F<e?m f%/fo,Oyo?&9a1+EBv7x4/e*P#]U/",20015818,3876167,7056895953,18982198106,15708999842
H1cIMYa7da./]&Zzp@cAf,19021947,3845103,7630924261,19646527637,16952210068
pB@]vpN~jwm-T'+ZPV{&/n6'6yas`'Kt`bvs`Z,18831334,4274166,6741508905,18758939345,15213386108
"Or1-SyJO=bP-YVKZA&Z}96x+npXZ""Uzs""v/",18105053,3952469,6196385988,18246921508,14178096930
E$Pcz)$pmeF,22055770,3919788,7222806280,18814562664,15708877962
![t`yAu@-[]d#c7~>>YV2&3};#%N=y17x4'No<la,19411132,3863551,7440844464,19462179864,16571810677
G^}Zg1Ef#dV]?Wx[:N[wOh&rzcnz{a[/m>6bsH.wLDlJm,18332325,3890090,7108454920,19132158850,15979484880
:Y3<4{)7#*:MR!P*a}V,17345250,3930500,7072597292,19301752287,16090870068
"eTi8kYpt$XRysG io izQ}OBVp<Sc6 ;R""@!cLpuaWd!&gdWxA",22195034,4532375,6955364854,18665684331,15357183446
[Cq~C}+*5)QW.RVf$CS5G(NIC!,19777371,4076319,7822098763,19604096311,17205955159
wPQJybR]lw,19118456,3861971,6896484540,18657611823,15421250087
"lKee83gN>M6gZTG .9>;X,UsvT_S\=MUWpG6z?!k:es'o;:rvC",18491456,3935513,7630017016,18981502478,16967582431
S&;&wh@(`p,19731935,3924701,6917530800,18848540967,15389590533
"j(](E&b{vK*f\EE;R`7nZ',}|t3oUY@)q",19959716,4664761,8330067870,20258328379,18324903963
5x2j1JHD*?S{SW83%{58qC_jx:!nLNMa(0V22WdZ7(,18108581,3918738,7429165470,18740371618,16599636802
rm7|R`R0TKgpg*V$M.`{N.+c:jvAj%s#QDm(0B|5&:UTL|#B,17689884,3992993,6794002544,18645905343,15214605770
"iR(Agoa;mDYoVEtDy_))t,R-N@qUs@Q",19672501,3883698,6829926710,18816137321,15304285745
"C(1h#Mp(s~~O17,""9gdbw2",19174220,3909288,7541215855,19567018789,16813496616
"W""gB-fU_+lZ_)!rD#pdjmt'",18711891,3881253,7362676923,18821593980,16486382641
<B$Q{A;Vl8N!_9PzPTfrem;i}GAIf,18320622,4534029,6254195094,18174389446,14161578122
t(EFaSsCv4@ed7gZdzDS9zJ}!oEYz^n!Q.),20680247,3941552,8002466694,19739348485,17546290706
"},!k-@_ ($yY5yTTol2x}j`&.Zsa`[* DlY]CEc}M/?M5a",18298097,3948946,7571614637,19580314215,16875321234
YH|`zOD%jahPLP,18701994,3938565,7153758608,19159524200,16030592646
@RNM0gV9|y7[YMqF[<3-4TO(=(VvLCa5,18267198,3963396,6473497279,18461258439,14594437412
Y.-Lfw>9H^>1RHx&p,21407736,3966933,7183226732,18879575165,15775669891
i>5*9L%y44bF=D;l ?Oq:^zJLvYg?J?UH.s/B7,19108187,4099409,7370924010,19304706823,16357713942
"|X}ZJGkkb^?E8oX5DAM,[W\v6&f`X]gS*>J4C'$_!`6k",18608687,3948650,7016466362,18958075274,15699475833
k$f{}t<3>2t;Zb[nHZ7RTCUf1@tF,17812137,3913880,6449479079,18388547485,14531053611
"q0$U{,@hH'ltI7\cslw}:\d:Z1?*hC5\O-Y C",20676024,3990775,7584043166,19356096897,16694677304
"n?Y=NA%ffA\y(""arA]1|~2{0O@zQ9/I<t\`U>]?[\",18986237,3969205,7946704531,19964634523,17620859753
"-*vBf5({2T Jxa?}a""zzw~]c+F$dA",19113789,4510308,6985892087,18865112192,15615719537
",-UoTmhtEm >Hz+Jj.6-&wze7#+4cIjn,",18279249,3932618,7565507013,19633896347,16890761126
)3vyN:b6n:)cy-l5TjJ0V$B;x `mL++Gt1zjSLjQHGnRt>Xc0p,20459428,3903859,6787243368,18534276428,15079776784
"R(W,hP_I(|48'GJ<S`M3?xZfyWG=z *4U",18961795,3891017,7702697072,19767353340,17153078224
7I<tM/6(q0M+N,18646076,3900278,6715771731,18624511818,15030787631
"=8:@5`v*Xbm85,yuq!KM>9!*UR0M?z<Bki",18500383,3929004,7600500469,19345478219,16949121906
"3*""pbh&^{Y9',f~`Y^o]%5CoL{R&4tpGMPyT",19461846,4376595,7610271515,18981587462,16908944534
"u?4!:r\,U;fa9NhaFA`L~MaMA^23VF;Qk-DXIV>X&l%LKw_'",18534795,3932329,7489843773,19466350302,16688800733
"ghNG@QnKx.vv}9BL7@,!BHH_Hn n'}n;'jp;|'6S?bm!&",18794107,3924208,7269764417,19123006518,16164933062
"{fdY.a,rysU@[:X-iD",18427727,3898028,7233522853,19012647095,16168109780
"4%k=jXa""]}Q8*nJGcHfk[V.L'DKiU6'AOj]41q]FJz$xv/",21910407,4401100,7921105712,19342113921,17121736272
[TEkQ:J/V5o(A_f-MAGb<~,19104231,3992574,7552174112,19455987857,16739715621
#+E<>@&pe+h_pR%/=DY&ZYdO7;,19320925,4205384,7053866007,19027042399,15819464570
";_POV<vZ{Z^O~`;``b~v""~p{D>l_N5IKg",19069304,3860298,7403891404,18718316610,16462748364
"ohGfsR5>ny^PJ""/j5]Bw,'_TweB&/xzQ~~WmWhX$0C",20434399,3915350,6948603551,18726314382,15392841123
"sQM</M a2.Jp/lG^],Zp:=(lnkTO/9r4J||vL/""@V",19913714,4002048,7877622661,19858890861,17459415732
"]6rk(\[H=&TNt(pS|5Cbogq)k;p{EicD1v,-.NnHXf<Z4L[9",18227164,4014891,7056076651,18917589640,15821993686
)'=Q|ojL(N%_Lwxlzn,18731594,4560923,7015457213,18871271059,15749605368
:%vQaR!6dtg)1?q;v+EC^z@u^q=f`:Mk*xype]DF,20336097,4177163,6843550028,18500052902,15061625680
('}o|.rbL+q`Q,19706143,3878431,7590586407,19481947411,16797991297
"O4--uR JQX'ed\f5GHsF'*WH$>_# ?v+4z05,{Zx{+2#nuP2BY",18275689,4003599,7060726573,18715192581,15670458096
".|4|gz ,TX\TFHGPLdCCQ zJCIs/3$#2/",17951114,4029191,6820530025,18827415119,15334336309
-]MYk'r0#][f 0=5X:*@4m0QD=Tpb9zi1nv+ssL}jr'C,20242589,4215425,7081415028,18554375565,15751482937
grD'#+!/^+,18236817,4767217,7715277154,19554118293,17110400761
C)ugrDklm~D'U:vv#Yz B,15993363,3857426,6724737905,18766868277,15254493665
"mLp$XU^QbWW4tCa""Epc0",16475762,3870599,6619565062,18588434933,15037001542
4urgHOb?pcXWjd0=O(l2BoN$3){B#,16637297,3834456,6690816875,18832478729,15210193305
":XL8cjM.S9\;84j[uj.""m44IxV3hw>1:*@eL&7G&""I@RU1",16904217,3968921,6902877272,18814741022,15574890102
`1c|>6..n-;~x/.t/}j@~Wom|;Ir.Z9R,19602885,4125289,6751317737,18492020965,15028261250
"p`<AZG:Fd$)k90w q_ `GAX jGzp%*""}-& eX`#{\eP.9X1o`",19684045,3930581,7734513598,19618836974,17062140332
"c>}su t4Q-geeP`cC""!SmF6@2gmqN_(`'4W",17823798,3952895,6639184057,18639018724,15003895911
"%[UGuWLd5U2uHO\1y,cg2ml,X`72^4Ir",18287409,3852106,7219695241,19257010078,16187065868
""" )N|6IC_GNJ[<B&HSY}8]{Qj&>I)x1Gj9#o5FE~",20482111,3901448,8057591410,19791892802,17641627368
"T Q0uwZ=kVoMq""La&c{A`>'(^c9CN}},t",19992478,3866902,8161918089,19790203720,17777445217
gvQ/Q]46SlpN%N'MpV(5dy{@u[%v4,18153696,4592647,6720205091,18670973216,15141830810
8||v!)!11(4_Sd;}4fx\O8|SKT),18536862,3924717,7122093142,19086825808,15934498165
"Zb!*4XY/j*5naNZh#<:R95xcg]:qJc""MLI-X",20935429,3922520,7260501814,19017187145,16002493328
$~2k9\2XIuk8yai|[q3H8LjeKE,20790284,3984441,6968850925,18876422698,15508466085
"D*[CzM?&M0,uCQR",18303771,3926130,6423492253,18382773145,14560781960
EM!rmG{tAwZNV&Smg5?,19490496,3921349,6307139762,18143773787,14164225933
"X(,3lG[e/UQ4LTB^-P5X s""w""WB8z{03v\v*Fj5r>zCI?",19254246,4134049,7030764208,18843588301,15690917725
{S~5N!>#<){,19564006,3930630,6326140115,18013017235,14121714487
4:;X3j/R<ntFWRuy2.,21329236,4015266,7007465800,18720008247,15549854920
5 }4h{nLY&{J` msM`:I-4fdSY,18501401,3874906,6905602858,18933994746,15560524414
"O*qxxu""?p..k:PP]IRg2a<Zm,n32v",17945886,3924010,6433557240,18464085261,14649765032
ADBls[ET3[%>`LSaS-s<<,18844809,4075653,6783420190,18600902613,15190451242
"-MR1t=4A1F7$mqxP7YN,ss3h'mLY`!`$zdMi^CI~Lnd1;!o,^",17951169,3935478,7276022376,19247146311,16261025058
a}t2-o oY`M)<3):*&#'QD`I^X}8>z!=ERlKZ-Ro(,18694041,3945355,6902146186,18761499656,15487443490
"9,S?Txj$RbXnYB?3qg+MS]6?",21577637,4550650,6856335675,18054953410,14934961858
0WUh&?nmwsGm-U#Kp,22568565,3915616,7475735605,19118145280,16302667653
W`;8sw(eS!$q]uDf,18322190,3849840,6475493632,18484960519,14745470840
*{O7K#OU/a+d3_*,19401484,4279183,6812797096,18673712277,15196237362
"y=?rG:|SV-.PeP:T~i}\isA,9Z(;[}GjmvH\=",20149196,3990941,7340766266,19061712040,16175798257
"T9""]/1?F^N&438=QTRq`Dhsr88O0qaiqpL",20197483,3920565,6831256516,18641185846,15239638356
"+lgAdQu\,mY\HJ{+J9YXq[MjRqih;0uB3mK>",18276404,4085114,7471311222,19482824094,16693558324
v'Rk4L|W`'A$2pXlnAAT&6/z~0Z`_G''Cu,17624517,3899645,6905131388,18964789002,15550227608
ox6HJ0xPG1rM=}P-ff le~gH?@TFgm<7D_RE),17705909,3858785,6842751207,18900578021,15501782533
"9lx|r3fsDV\f'"">) F)S+p=oA!|EfqCUSj={0Lp>EJ=`+fc#*3",20440286,4682272,7220020165,18909504681,15949200636
)]Q\a);rb[D(+$([3)iPIKp?c7XZHuPc):Z$PlJG,20025838,3964079,8050945723,19907171464,17655048700
R&9-(6xEZsYy%,17705228,3865308,7049651972,18902618553,15821093798
KHVt24dV_hj!'ZlRx)gAVA=es6wph-Qo(xV,17878635,3930968,7258104423,19211906539,16307308936
*LdoEmIgab9ZeO|R_$ToIKfSP,21088297,3904641,7362996454,18457836041,16255840974
{vZy/h'5d>@Tfj?<=r*(?`U,20617787,4526692,7633995787,19478273197,16842468259
8g993=&[QO>iNlS'ZzgqrW1t`~0}X81(p:[,17510752,3937302,6978609390,19108082662,15802120751
"TJk^^+n>""UHG}QU/w_C XQ",18771998,3891889,6661219140,18461669536,14961744573
#v.`- z5m5h~9Uajd9@g9-gEmnt49,21128641,4151120,7611355474,18751881715,16629807208
~N(Swoo+VRs Iv0Bm^J5Q,22032079,4292035,8624295381,19790867626,18753214763
"1Qj{(BDN$VFS*.R""GC+ *9kqaIA0RU lqzk~]/=SJfnEx """,18594962,3895201,7752671036,19762605254,17348086928
Vh:`|@.|bF58Ro@@43(dQ_,18227545,4531402,6719368782,18649412071,15157153296
">zW%FR""#\6:2MO1{CIz:6Y@j",20778281,3866215,6958753361,18457182634,15331596767
oWqQ?aey=;{$-UI'8&BWmRA&D@uzUV(m/c $~U9WWCf%c33{#,20470247,3855345,9067497399,20924242637,19680812287
"<XliqWla%XEPxH[5Zc,cP7:V7h?jH?&?",19719454,3877569,8112049248,20046608590,17892695341
@b--}ANHXT[j8Ke^Lk%X_~BL+@IK,18581862,3983104,7627606554,19474076750,16948059826
swPL|$a<eEGEcW,18839555,4030742,6823954663,18756266066,15377653305
LC\X!Hx'2XZv=@]?:E,20636330,4293056,7621976286,19512950054,16830364622
9//L4T.D+vtH<<K5YfD0>-GIdby93^_q,19093730,3852008,7177517645,19154300077,16046571174
}T[jHs%]ar?~%=66:FK++,18637441,3864352,6684368214,18309911192,14944038852
B.TOemyA^#DBgsFLc,18542966,3921914,8041961572,19506646687,17820602082
Tm$(XJ%/z~?A{tF-,20899836,3966006,7881574728,19657449628,17261338689
A*:=4M&- n@]!2a.#~hM_;e,19840357,4510833,7625264519,19481542485,16880567059
"7]HLt-|""}:WH",18612088,3952261,6972932681,18931961196,15620361736
+eZd3\r$v;#%xl(j X3E'^,18203607,3941809,6352293991,18280795099,14385892899
x\rmMZ5NjRWf1M}t>[]~D=DBF'78'z#J[tDP=HfG}l_#sT!,21033908,4370316,7711819309,19133828115,16809317049
"qK|TuNWZ,j9i$4",19504795,3957747,7933903089,19729772444,17432345039
u6vDsGvtTW`e_-EHtys]}CVg7?<<9>,18871062,3881274,7321830049,18764671581,16245153045
$=c-7J)@<LT)_)hxAo,19130926,4541440,6884757779,18886802559,15487441425
"__A3{#=~,mtk,|0u@giHDF]q}AjV2Ca+j#u",20179041,3843754,7384301982,19336686936,16398286757
]08l5@xgRQkE+VY 5CB6EXP=Kx9;$ze[JZys{C@g,21727303,3909470,7755360080,19530908549,16957705575
sE[*UD9OT7!W|aO,18667973,3901084,6803141124,18707478487,15371451884
"""/G{:.b7_ejy/%/b`Q KasNv5xhaKzvg",18047063,3878137,7087081923,19215852129,16020422210
#I0oO]ZbeLNIc//5*~xr|gv+-DVxm6bj-,21018758,4000606,6461926801,18135899299,14296938168
"v>'<Dexy4HRxs3_|f@(}.7No+B49""N<Ff5fTr(gJVzano""%Go",19511496,4212147,7542256843,19394802613,16711555307
r:RXd*T*yg>^,18066376,3945413,7441144561,19570909641,16721358086
"nI?V/Dw8E[o7z~r5'LcCH~/T;ky(y(7HQu.YwY""#.?gby-",18722013,3899594,6989452045,18912670649,15640659379
",dEaJI4(9N]4-qH\Na^b&T? _g",19674123,3901651,7719127127,19429883757,17018876344
"^):fo5Gv]sp`+%owiJ6Z!2j77}6z""?b5EOk:?FioCZC736lsJ",19289479,3865660,7514359102,19485592954,16690096595
"ib|>qoQ1hT2QQ%?Zdlq}eGS6m@-,I%$yC!6<?ZZ:0>Yv",18438900,4430932,7147216206,18958346341,15922243513
"Tq>]C-rdGeaT""_Wb'd9+v|<?bmF|eIUp%Z(v""k%{OsEjmd9v",17072255,3825678,7051662108,18977792168,15876706616
X(a@USj|*=8I,20704466,4417240,7539324539,18983629012,16488563798
"Rlc.Mw))(]WK"",I>XIuG{bEv]dhfa8&;UJZPh=Z/nN]{``JM",19020525,4640405,8201355397,19421915896,17838398583
;CZ:Ge6.ma`mNpVr>w9T8R4FLkmHUN-3ved7E8,18555676,3901835,6873272678,18845137114,15415079641
"eUn]hK0q@a,2mp+bS2Po\Q+",17936653,3889627,7020543038,19002509073,15780315216
"D{1TqE,&bv3 { &/@",19909574,4452024,7267462022,19220665972,16165879796
"'`,(t$6,Es~Yi>zy<7VX&mVW#c-#TN}N9wH=$<3",19174657,3893427,7584448848,19614799878,16868264146
s( r}xm+$PcwckR;g%HKdIui,18516321,4048819,6565473188,18420485183,14702921449
mL[HdF<G5y 1DOSm!j.Oo[bE0sWJ3VnoQe4GYzg;w-5B6,18020147,3846342,6999587528,19071611928,15759819903
r._p[aj*a)ou^1ExW>-2^T?w){:RPj0AvI+}]Ve>\0?,20489677,4141873,7784430281,19210491503,17151659773
}P7'A;xU{/-4 w$M?;,20711281,3885332,7689254373,19571600530,16984919677
"!1cd*HV3;e""l'p\ ig_",17880155,3982604,7422047391,19520123893,16731587172
fRsLh2/pspn@#yTF=u.>Y]V,17566675,4043731,6851994443,18803148946,15558636889
~;03L_F~S(,20850372,3945181,6767050925,18436442040,14964137456
?LIur8LMEx+6%z,19658491,3939766,7451570521,19465642787,16580800986
"6zSZAFj2.uHsD%T4_/9,$WkKKS_D7'j%dDb/Q,&b_UAXw}n",19034882,3956306,7087616714,18922447304,15822221956
"KQUg5k0%#"">{Rc:p%-*'J)7l!s:",18962466,4476781,6851050870,18654238652,15277413392
['&wk$oybP<4BbW^@],20296705,4238471,6699107551,18446765231,14901287815
qqr}CM/.J*u&qE]Yzc%Pcbg+kRI)T?IHnzJ2\,20410873,3904244,7672417441,19472125695,16858526596
"y#E2sw[IOvrZ\jpIORyR,P9vK?Vjg`~",19102458,3860381,7695346506,19113342833,17019460209
{la*.B:n![&13uc-0wMO^.,18263252,4013815,6442685356,18421233406,14606104115
"cNa_8UgnN|9T9fh>hSW_1.4JSAn~w""W4E""*]<OF@RP6G<YJ",20382328,3976163,6509003472,18187721556,14376604328
Uz3*&^(<w'zmR-sFgX8G-)V3J&4\(Z\o`=J@o/69N!7twPfYS,19554270,4378427,7862930515,19674883542,17481698274
"KQCM*Y']zDJy@7'y7WlB1u*^SSW)N$q~sWWyU,'-d-iYzSoL",19297428,3960752,7228691595,19137694434,16139687950
q[z7)Ts%y8T:q6#dmq><J'Cj)46|aG644O'ebT:,19738939,3942201,6971075143,18854457926,15604449247
\w%R6g(K7(&z6FK0.0si&ys^KH1r,20981694,4088320,7357388480,18965480452,16103164518
3XlRLFl}'V,20101238,3868530,7865270525,19825642025,17419484131
"D-R,`YRn%VQNPol3n{Tq|CLH;'JfPRybt)>d =>E-",19744503,3915843,5992970133,17838527974,13624645690
"@.hu*0D{,-RFT}H|/Qy0oT\ CM0v2K:><B5SE,~-H*",19350835,4315797,7177597462,18766159361,15944038652
>]46}K=!Mp(/jc @E2E\n`Y7OJG/Hzd9FKr,21187959,3894533,6880516014,18569903151,15154211182
hC/yH=&%ti?AFpV:$EJ(v9`SPRr`/}pp!!:,21151561,3873162,7564624313,19427797867,16658715813
"t^TU!`}J,PWGqeOia&CwL]Ah,Fjm[%dd3H/kI",19344388,3956327,7694076358,19652767703,17092893184
pq<oFDuxql&U#!=~K#w6Xt1&oN<B~b4hw,19409573,4042243,7336232417,19179334940,16286348935
"f!sJa@ShAc5Lo&e mdcn+""PWG""I -p",21798266,4553598,6931034570,18450177475,15143968567
"yA|VO3#{:ngzv4MKgXW9CM|""N(l[pN l.|!1 XQEC9)'xRs40B",21628922,3935378,8317400021,20065711881,18150200950
1yI>;IY9/37B!^OvF?BS6[I/$FVGUt,18998257,3927932,7266898876,19102031156,16206111419
"'4%=8U""w&bz\0&TCPE84_3u[3z",18868542,3897896,7062201951,18687862327,15752065427
;Y7yZ&>GE:)<wO{]Ce]C-M<u1<F,20158176,3877385,6267395855,18126812497,14091689228
+pd3*|bc2UNBub f2$,21345436,3981290,7313972009,19185867713,16170562962
"iKWn/sGh9-;>DVEiX""VaC&H-[#5{R4KFyQ""U]f}'a`((QD:'U",19411176,4327097,6424992235,18247965553,14345572018
"""={X}lx1anJ8RoYaR'dk!8Lz\4%x",21194887,4392203,6965114293,18281793278,15329135295
"W2gAYTM<v',^bjUi=gh>y&*p#c|#9.T/;~7",19177853,3897238,7035180593,19015856185,15816585343
o)-~3::?nc.W_m#HqREfAH7B9lF{X+!@2svoV7@;,20905041,3968749,7580599042,19402990135,16673746416
.J`*Xs9&H!6us4%S+C,18902029,3838099,7542955587,19602404673,16866696174
bOnOeZ9_fe4yjah4)4@N@Px3,18049990,3885294,7482641884,19037721509,16828333031
0PZ<:+IwAIM{YI7CTz484m^r9Tz]P<G8K95Hr3,19183330,4909316,7218763670,19148902334,16164762509
C27*m ?SXY-qLt>Mwk'$N,21209281,3922724,7958831306,19790843205,17424447739
"G0+OBbY\v<Bj,9C)0'E6L>p8)1_&oovVLqVT\Pj",18481137,3890090,7284462775,19352803328,16338502027
Q[0?C|ckvcx`3lkt5iA,19093668,3976872,7578522669,19326176529,16833280360
"vW\C>Q<-Q!:c3ozja:PQ@sus}k""W*P1~FO8 *",18982228,3861525,6828563664,18859207209,15333510570
"#eUK@4o2-""CV*A:Y3m#;w/tsOS!6@%n&4)STvH$dM",21277017,4258542,8037208050,19850196240,17598680704
p+O[\TX./NWQpLm6Y:Q)f6MM|tRbg1!g0>zfrX=tgi*'ykizu,19014130,3895800,7501071923,19439804839,16627618638
"(Lxn'""m]""w",18719760,3981568,6819428287,18648212845,15262095011
.DoO36eOCI*^#fgB|:<4A,18341739,3895316,6695202150,18698883663,15075035157
"|FRpEu""mKg&Ba=`d$TsI]v%/av+@yOo1.v0eyhI)9",19780028,3846618,7525245099,19360269166,16650350899
"P,%*yOd(^T*Go)qKY(Nihf},]fK%<X#;x&",19102265,4024416,7653770251,19604633089,16920571272
dhlrE0w2}s^{$z^aL,18112746,4494721,6439808136,18458020988,14663374736
BnZC/?siWwmr!![gdGJLX>%VjU6}kL,17626962,3836110,6688134377,18500113999,15062405518
"1Ki.GfY""pSwYj$Q~nGwVyQ6Kb/zOlS6|x%=M(5S",21720396,3927156,7848861755,18672978014,17097588297
"A(E""j1Gyww{mnojYw4[gw*Z3+z(",18488931,3913827,7855082435,19976388085,17513546111
++fl']F*i/f% g2T{Tb]Mi,18775878,3910045,6759071696,18707129988,15181244134
8jnJxkZJq(\;'$Kb#,19663926,3886608,7667575931,19487886098,16911314827
nG0fhDSq+]EHs*QzN0 Korw.ge2=k$*MwuFztvXg(Tp,19745452,4351284,7534603616,19492581673,16763280567
QDsF[3l[?QGvNHmW]=ps!X;}nn1io!s7w,19289706,4142470,7540419874,19389733527,16763267695
VS@Z;fsHr]S$.|o2k,17491452,3895477,6228850704,18209443509,14107533868
"-JxO,sc&m|SPS|7.A{v-]h6#CrNh",17182026,3876470,6393312737,18505108493,14592239704
TbeP#Oxwiy=8<,16707082,3785623,9439202419,22406662675,20974327383
;v46KM;\M)X%Y,17310254,3844792,7109433589,19520672462,16255518384
9k@b}\4akU58ILD22NW^?]Vc4M:yJ}go,21415408,5356256,7850214354,19806213278,17374806466
"v""""!h<il2:OK+3w",18998583,4505879,9857750665,22662105037,21622418447
"*`m6?WlM! _M3j{LYo;/SI6tBAt+Y1l[;YsD%Jx#eKc""/",16387018,3904468,10380520190,22682095228,22725774130
"<+d=L""'w_fa>3",17011155,3909304,6995759566,19524119944,16129322787
1dN+-h\=9]NxV$US^7,15538335,3779912,9694827942,22672620297,21462007480
"&2$,=D!aU\hG8P2K5)Bl-tco[.K[U6",16507274,3861603,7573857597,19828483295,17021319107
")dgQ&Y>&+ulg:A""N^v@Rv83$*{r9 Kx",16765975,3850226,6796504703,19366070665,15669508745
sbw&?QWEYz4V_b%>h,17970065,4384986,10071494416,22755850672,21984014755
V5</B&FRa\{P#N5,17298399,3913958,7222151683,19368920427,16305325182
"+"":v{FA{Z{W#",16662460,3887060,6752428290,19369525846,15535582907
-7iHUwP*V(X4TlVt`%zE v3C'C5bZj{+-}0/`:-[u@_~&Pv,15043716,3785423,9832919101,22924046233,21833568423
"^ H""LD;lfFhwSN;v/<6:-!Vp",19181029,3885032,7380067721,19490472121,16592921157
Vvx\X|H)Z^VGt$\lI3T4l]G{qHzf@Jnf0Y(y^C,17044064,3899554,6889676119,19540178256,15939531605
"*i`4[kV-?B~M\8$28`l4L8)Jxj2^8Q0ZXS%Xa""ol]]",16622555,3878570,9924892358,22771677654,21846091330
"(=1#;d{^]l0quP^y.?a+B,9&{:c?JNM",17835353,4873225,7447194435,19378318025,16624569638
9)l9@FN0]7zfY-|R,17756965,3920234,6936184958,19414551020,15790416221
">wb(gmKL+3m]);G""^g@cr27I^%.BEt>?:\.L^gjf)Yu1",16677713,3852288,10166486466,22776401950,22168234656
S&#Sn!a&niAXNjW1lVn#,16863908,3871268,7387678696,19623965834,16711333288
"|,g_IWm(vT)""g>S%7kiw|B""#|q%Z?R,{W",16292826,3794631,6473515770,19349247998,15031618965
XHP8=L3[o?Emb#!xO85g<h@+3QW/!^ArqZ3gH!APX?.Tl]>S,16866350,3840005,10096085823,22683966222,22189794421
Z8)46b6s_(b|F}<th&>o,16777225,4553558,7523447740,19472622640,16957645491
"""{^e-^Eji?J",17439700,3846142,9834974894,22794328149,21811452320
++:@3Pn[L-5$,17254538,3811290,10405690772,22830334409,22717536648
"\zL'EAO({^5si0bKB4U3T!;F2d2,2DBtiny'PD=T[&AMft",17485172,3950290,7065337458,19208057943,16038091669
qXit<C!QeTxqlmBq_ww_E X~%~l3CSJ~F'Z,17209780,4003990,9759926637,22616593750,21528611807
^_jSn&qI_s(?l./dai.;FThV&`K#qu4;04,17214516,3802788,6992961792,19294110768,15901811981
[yzE;C>FmH*Z`I|l;#OAJcPp6')BXip{gJFy,19439569,3807511,7176634417,19408632769,16258419166
=BVh# .OZ x#IbrkYM(de:>H:ygY3,19115165,4920242,7471381817,19556669845,16744233109
"R-GC/t#o$UL(h=S_f)4S{a}{zFc8m$HgT`I.E$5xoq+|,d@",17529963,3964153,7014227774,19019532237,15866650020
"M9 )""G/)y~E{qIia3a&R*S=R~WN{eVv~",16543457,3941459,6227208309,18262580706,14242078649
"Uw.Q4r,fvP",17245461,3819172,7014044795,19508144396,16080012782
"3,tZ7?6r_`4.p3jTsL@5m+""v^vVv^KxT@",17763985,3783371,9982275350,22818752265,21905875667
"L}[BGlj`P""@p'_($O&!q+&%zw%pAU-F>e""7",16867563,3845345,7612002089,19723017018,17068604991
HPe 7.t?y%{h=B):ucbh3lH[}]/xO}K,17029285,4350449,6860370107,19342062755,15582357076
",]U^8>)Xv[8QzE_.I:-Uq{hD>ObV-Y6~gr}IN[ef",16914770,3842869,9951188244,22609516626,21690925157
"uQo.)Y-v)N\D4 A=dm_DD0`GiY.]i,T/f;ls;ZSZjdlrKt~kWJ",17024023,3881147,7049892842,19120530738,15927291550
g%AwSYD-?FP9Cc@g_#*3`MX}hj6?7t0SD$t1G<~W*can,16620060,3864626,6846628332,19494564653,15682827783
;rq>0:kK:jEb2Y:?B0j2e*|@E'{~I>gd'=XhIu@qR1jV0U#Diq,19260180,3937399,10291268521,22762123704,22298329226
NaN>L~yp!?Nfi&h'HNH$euKc6$q,17473471,3901499,7193964156,19357002191,16282397901
I_Hvm:|v@lD4jV c/#9im~6oh5!Ft3,17807926,4165989,6928564880,19362397242,15823542771
KXUz[O*(F@S,17965349,3934929,10054179893,22737359932,21977913816
"rJ)eP!43,>~t#Y;<vZ9T D8x,Jq-",17708564,3871447,7439521062,19581976777,16714050130
"(B7&Ni|K.%N!@""^9s<M',Gs@_",17630275,3916553,7071040168,19493205736,16129866143
zGhA$Q:qf6#JcH@EuBmG12Ki-~DNmR~A?,19610248,3888323,9983099402,22582264619,21766431973
"JVfk24,P`Igc^gY4FC~7fLFU/LtaTH69?XYk$Om_ SwA)",18128020,3894426,7317387474,19445635736,16479156172
Jl7*%iwOV7biY7,17696687,3887972,7073669580,19607966616,16151181760
d-H{TMOTn?T9-E2+R~or)i,18642128,4505995,10081953937,22570739050,21904592295
GB/D(|4rH!0,18673233,3821318,7607463795,19649402160,16985949060
"4cwZMt95KNa^-Y_7X\vEyK4]n`EGQ#l$""$",20210188,4128116,7222364929,19430760884,16138112950
"6clLkZcG#.k{EcD[eGXQ*I]Y@3[u\ln'+l,}2_",18119254,3877786,10012329950,22553849755,21841713046
7//FH|?.@7T#[5,17757613,3900289,7479196381,19624075019,16852587477
qXSX<+lBul,17205480,3884944,6875231780,19617728012,15811412669
j}_pv^v7UhA4,19986321,5139914,10327580735,22463542246,22338148579
"e[tf{r^,vY`_O~!dw76M",19784325,3886130,7565007008,19447942761,16742182962
2y=rM;XP1G7FY%mRY&o\&TI,22293001,3913366,7017264509,18662968493,15413542763
"cpL/C>pvx=@CPq(Prp>@JUi:Q4w2Iv(oO,x=n9^wB4m4OJZ(5",25068842,4856558,8897809660,19427493856,18797283836
g+tCz6W}]6I76MVs&Y50 Dd]5pxmQJ7bi ~9/^yEqf\!\u?L?,20163124,4183685,8048102541,19698608424,17643144094
24LRkTEk7%WLeUP~,21252759,4101916,6764941666,18278051939,14958950028
"8~K+w?5`wa""l?aiX0D((Rs~\$`",23369802,5143588,7757063646,19267945553,16874153038
/2J2t#_Ri9=+>qaxgS|!^TO8erv4?V0%_;3$HrGP?H:-#!<:r,23288469,3909187,7793516541,19403651359,16958480958
"r`f~V::l,^k1'{Im4s7@RPu\h",20726351,4944700,7782015405,18709500270,16808574627
":}[d[N9twZ5q>7u/G_^W>6#98nNc#v@V1E@5W@hkZk@o""",20052205,3987636,6704043890,18530291601,14958040351
"3e@.?_\1D->uDq0D,}v",18718840,3828171,7397535998,19784684712,16711796621
OnBu&Xmfv=i=,17289747,3821382,9790305441,22715200762,21639957374
G0.wl16kCd [Jg&,18535728,5086381,10593313070,22711006639,22984214223
"$AS:t""VhT3pubp#N9*9EA<$./{.Wzv,_v;xvXs",19973163,3842822,7213115142,19336397092,16249377796
upHQb@8B1o$>|F<Y3csvdD|92dS;=,18286370,3829612,9836331379,22692989657,21643812439
2Ok<jC]-RK;X!QyANM]Q7))Ro,18427643,4179820,7350903499,19268562816,16355441403
"rz'Ik2H>3QA,)ULbou5""QOo""\Io''U",19096985,3888577,7427270693,19667619135,16744342750
"I8qXOZ\S0 8c<\8JN<qH!v'\;35""K18-*22dX,",17789469,3837014,9784198726,22550508589,21525178061
q=?6Q`p_eW.^+{[21]%BnVdkO}%#A,18884304,4331557,7848295398,19768623838,17418415432
"E4a""NU-G5~Db-cK]Bp,7PFYG_}$AVxUP,59o^^",18504525,3878531,6793189786,19114710011,15517065578
X&o@Oi2E=s:Q75(uh7cNOQgc{v,17328746,3811431,9680809321,22538719325,21378655579
*o3ZuFd/v\gL#mgJQ FFw%Y,19247244,4238703,7537774552,19329735560,16790265423
v22]Hgl|+OVuF=Tv\2.$Y^[J$'OUK8-74[j!'g,19601983,3836448,7227294003,19693072916,16343969280
"!<1@ O*uSxV^x #Ofryggpn;:""r_2jTl- ojtFI=pf7Wf7",18894049,3859794,9999649692,22785136218,21949649928
{Ct\;_^:4-G/F+iFGv6F7,18545287,4512742,7302769068,19337258106,16412807829
"iZ})`qw""~4teyb$_J}@RL:^oj}s$\v'n[vRIpC-X615?h|}",18356274,3845150,7166244788,19670813157,16241550894
#1oM5ki.5Aky1)V@_+{I`iiZV<KIGvMsX,18075543,3825675,9978728524,22655963094,21862411141
[h[Z9X9_y4_Aw3,17756224,4170233,7470594537,19313388108,16685301950
":lVT+JA0_v~#*Fb0>%ZN,M7euIUOXvNn=DK[K=)=}W,C^bq}",17511414,3930717,7064175006,19551902624,16002723586
"lq|{.?UxFmezkbLA`NH.ewIjh%loJ%\JTmsD5t|G}^E""7KZA(F",17551644,3833592,10168622786,22751580618,22103863636
"@#l|49#Qj5s5.g6,Rs8 ,CXww2Q_LMS5",18080460,3929819,7281600709,19407784910,16401265519
%@okCC:D<tc;;ir8aOAl!#aR25h3!#O-f NSuF,17517673,4363950,6676806279,19332568852,15279724392
FXvzERXEW[l_<q_nTNAha*,18108352,3814583,10102792049,22736769986,22054586478
y n{|JWZ=ufCs[1.ErIGtTCO{M+Cb77,18320502,3879915,7452530804,19488657561,16653284050
|DUxVF8I|*'D~'_Q1kD7M/`7@@-H,17621744,3976898,6991915197,19651925412,15946827818
":i1^di?K""c` s,;E",17951297,4041443,10317147349,22708513810,22415428029
"7|WdwVR,Rs:Tw9>6Gi#MqO YYgdde`1k[HZ",18208010,3898537,7312565755,19472043678,16508694122
(Dm F7MF5Mc5z#qUc{m5/HeUi`n$7LwRl)BB[{=,17779249,4349876,7040505081,19808521612,16114777869
a<tb`?{Se\|dT$sa=1TP&T/g:?#9]Phw{Wb,18047928,3886329,10041186582,22542173882,22006582352
w10-.@P]2{6E?cl]o8}';,18383899,3887520,7326881350,19430352036,16458343382
(6?g*b5'?yrPf5lJI09r:x=*M=4xZz-(n2$,17370175,3966224,6614811322,19338024948,15264283064
_6|5#2dx720.,18071157,4014611,10526237725,22694152376,23009510527
9+Q=<1]%VVwu7<q>S.jEXF>E?hTmH=mGpo,18642323,3886651,6727790116,18584752742,15046632437
%~A{D=4$t|Y3p./,17774235,4613267,7027807136,19793077362,16086914595
)YXS?j5%F<a;aF63N@$mh>~sDzy3$S0M -H;X[,17732116,4033810,10120164867,22509613904,22018424007
ZE:\eCiXRqg:#2Yn6y7CB950,18058848,4274248,7852096419,19673561857,17490219019
V(-^+DXm)e%ur2Ikc^~sWa3Q%wBT$fFS/,17362274,3857335,7071877291,19886382715,16184172271
0D]bNnf~MJB}[lo3DJw3~*]Ve.WY8#e<6#6Z#B<F(M,18790233,3945257,10351998234,22628550791,22328076578
:V6u#8ESuG<gNR42WQ=/u&b{,18441715,3977941,7483888700,19520529764,16753921853
C[)=ITgvwZ4^`_=,17769504,3905421,6720147395,19480153777,15492195525
"c,9zb/<!8?{@j4Sq2cX.amW<D)P7&5:Fe[?R-f7jn",17697113,4203933,9985410599,22673741988,22020652513
">:|yJ_F?VJ9vi&l5vRb)f{nu$PHG(|gPStL(""g?e&Uu1f",17375068,3914586,7233652285,19460219427,16414685025
",|q'S<xJbO~D0F15)6z*ua>W'K3AFG",17693569,3829014,6805131058,19536215028,15601159989
/;ig_A5WzJ3yQw5IX %jv$W{9^xufN&0yVy;46nD=kIL9cUzS,17771670,3811103,10149612729,22700246923,22183022630
"+LZH,GjwC*.8,gZu""ZPaf",18579075,3870947,7249021154,19386026572,16357848877
"mg+|3*HHg7\<z?,`0T8W1",17774397,4125695,7460232704,20098028044,17000547332
z/P9y`ZN_~o_t]_I:HuP#$%D@>&'hSg6{rnP:')zJd*,18339470,4374761,10107127972,22587412757,22119963127
Ol$OM]@7'%lZ;'?TN_ Q2`=z8:_cA8` >0,17899337,4025661,7456895309,19581059337,16792834640
"""a(FjK6zS@ZM)Htze|f,>7*x,5\,yk>",17691667,3951143,7128530555,19857847837,16268339389
"~H0q<5MP2_6O}eIK""Bg#""&$@#F<e1;{|;}%",18274127,3850027,10208805192,22586827599,22352496671
Hi%ORUi} aebCG<Yu[kB!%EyDP}uB,18036243,3924941,7904677124,19797211731,17617923466
X4E3d #=R)`#~$u,18221851,3869872,9260250988,22226220404,20699803197
wsVz&LcAjj,19851902,4432470,10358101749,22448982183,22315419849
_VivRD8`%{jPz{%m1|VS^klT9Fg`H7ILv,18475556,3998682,7496286079,19521062828,16785817848
"'(Z;:@|i$x.0=RgS6H6S$,B,",17872381,3829255,9669793928,22578056786,21455537707
:plM3~;g+AhF'[ZPUe3Mp8y,18008941,3873880,10525828062,22611988684,22909081195
"rog(FrAXmZ]""B_[m@}!J\NwuS0`'X4-IS9bbJhLzNAqp6f&Zz|",17723170,3859995,7466705056,19618444808,16817123040
^*]AnST22GO=Di-kw!>{ahb~wHbs[03,17615222,4012125,9725663354,22449326977,21493564033
_JuCw^NfkPNMeE;+d=(<=a3V;(()4,17960961,4348494,10546895483,22383600204,22800460174
"+*S@w/#lx~1d6S>q'PTh9""`b",18963213,4181194,7097983981,19184813557,16004935313
D6pU>1CgB)q'6zC=#4@5ZVNw2F,18699942,3830694,9922514886,22787796626,21829850269
"fkJ'ER45Yq^une,{ii r){(=$V",18713424,3844025,9853785527,21740906816,21653122562
F:3;~`jLoS8_a]?k,18859275,4260191,7350808517,19547866976,16653062753
VaZ(QQg`H' fT}rnq8d87-*H,18268875,3835650,9552373842,22427894917,21155926930
!phvnkW4)Zo7[Km6\=tM0Ac74ei],18208941,3893293,7222871821,19367460508,16316952800
5Ud#X^Aj`f3=NtxL7I?=oSPQHjd_pXSFl`EAT5NemUn\o,18517873,4719658,6990036131,19397134387,16013882577
8LSaj]zLg-;_4&,17577708,3825152,9838014672,22668032927,21627626210
"/!\#<=J4o+Fvle>tEg<?G~$,",18084165,4025511,7664167110,19743876206,17202797598
9tz20g!;wh%sjb{;C#mI/:kUrUZJsb%\=8'7&;i!P<kYA*[,18690900,3873919,7163203312,19456093238,16271716651
kN{=fMd'bBC.%>9e|(A1n^H_l Jl&Y^!@H$cFgdABJ,17245334,3824982,6690307821,19583022477,15314370549
kY/Rz`;_dkas~lN,17527129,3840021,7305835835,19495197514,16545594877
"'[?QQ+6,f9p",18688372,4507956,7351611491,19571098406,16616693128
"cf?D, 5:\GD4B3>2 D,|8e2`&J",16999384,3878333,9771541500,22522078940,21524765132
hgfSe|08.*Nw&<F?~^<LyV7.1T}>eV]hrq=n~T>7!5IM3v;,17327744,3896356,7249310761,19473567433,16432365386
"""0\jS=U#MXMYqSf_}>YT*QczDlO^:*^~TP-#mbJ""!p",18272985,4367256,7161872150,19260412349,16142286255
=c<=wqT_WG}A-h,18835745,3831137,9971618595,22667923459,21932100680
Kbf'JR39l`Au>0N0#5[`/|DA&<*F70dm'FX,18572178,3985283,7626007752,19742419644,17136831146
esgS pi%vq)5=@N]rM-v+x`e%<eXCnzGB<#-e$&.A^zWVL9%|,19256665,4430616,7169230365,19498270103,16137998489
":noN,m#3so#[S_mi0@e(2bW1n""RkikAv(x1jjVym%7kh2%.C",19851994,3894926,10044166566,22562279824,21822287563
"M/K<':?:*I{hp(+x)U)nOw:3?y+K,CsshYxxw.!#/$BnQ{]EG",18136909,4279838,7878625887,19452051643,17380020577
A\4Y2K2Tx:Uv;AOPn#gtBEF?)S,17485150,3918900,6993375586,19577145394,15917875263
"=Zi;(uXP)4B,A]`7.RDlG~H|$F4oxe4L1X=I4RE54vk",18796272,4061824,10309642792,22743929419,22319612065
"UuJ0.! ;~Z(eBg""vMWPMwz^[B\ee3L&BZ]w/",17991016,3886523,7077375052,19199435216,16001661241
TRU&O~Key1lRi*VR1|<W6O&9$x,17866482,3887594,6629766542,19270429539,15188386287
"Fd>AmWT:\;f%:2fB__rI45#Hq.Sbs$`Qk,!",17890936,4582269,10218917367,22647729470,22155937732
"m GRs6J G[U8=""Q<",18257996,3920243,7174763462,19322774878,16179316731
"hbN(W.oIlhBLxYmeTR>v)-cKX:{,4no8F'%dv),-2F",18508236,3816919,6855144380,19571247040,15709211420
@IixHT7js*Vlk}tX2VI$f{5m&^Y$1=~=S%E?{n!E,18162073,3853083,10107820269,22642976464,22084976760
(s1vcbp3#dB>6(RxM=`.C,18061638,3928714,7248232720,19396330436,16375616255
"q{IZ8n|bNwDK_n&+uZ,CkV=QC;Z)DZU2Xsf""%cv@_BbhS~zS",17372633,3808534,6662995617,19506251181,15441146118
rrkolC1W_R(Z~v\<Ki%>({XQ{Z%6,18323614,4736399,10297724049,22676532741,22498136629
[GC*a@W[Y;]MV,18753955,4025943,7605068014,19545105404,17013778027
}[s)Lx+^%ELCL^CM5+PL,18091657,3896456,6507753903,19249462578,15029043206
Uo4>k+k{0^.dCR{<N[BPJ+,19635565,3967065,9793693991,22406703826,21489390172
PtH:$/9/+#~LA,17668447,3959954,7172523133,19309754360,16214905669
",f?x8ES3(hL(u7Xw@Z+A53",18915890,3874136,7331258497,19368550048,16498648661
#&mY|IC?<I.>fWbLfIe\C9i,19510021,4325356,9909387737,22531756100,21600749174
"Z614""wX]ud(M?1H:""[-]))> }%mmR|IKN]CB",18825970,3857530,7564501364,19681658592,17002599954
"O""]*^+hOfXBtCi(t3#K/u*z,4]",18788712,4192200,7235808704,19496051323,16340288393
"vk_DXwq,T*ORCS51$<C%'{Z~",18360231,3809920,9602570395,22380902265,21131050577
K5nswX2W|D`@V<D;x',17932418,3896193,7363617033,19427200457,16514617450
"5i""{E;auCChz:i}qP)!663Mh$XgU-\)",20162480,3911192,6975645060,19364120400,15714076170
"9_$3|bcCg(3cFjh@X^]p8w5RO40K~V`0!@qEq~d""v%A",18113794,3841483,9922400194,22499191193,21630335020
R#R8VbZ<`nzUMUYx;-f$],18426849,4580044,7347293725,19427867901,16490842075
t3=U!q1+osG0f/G^&,18466832,3875144,7526756413,19640108895,16872063113
#4&Ilx;5gn,18649912,3876829,10016663551,22585955980,21933955756
"heCdok.55>IL""mfpXWZei6n\st45 Rmp",18119410,4234838,7474278031,19417270732,16693962145
"6aZ""~rBehf^B\x=3FHsgXn>",17907962,3897944,6762569085,19438383958,15488830380
"41C`k]8]YxNEw!Den""T$uwP*(<+[Jy00Gx",18383065,3828985,10076002672,22773908465,22142710267
"m9""5r^w(#>5v(k*}3(1\>{",18310527,4433219,7688587701,19659642975,17180558991
"\4*<MI!O^,L",18099367,3962991,6888896637,19423724949,15735072567
1{Gx<3jvNw'iF*>7k(&/,18759823,3834900,9839859755,22584234860,21590337093
#k^)poPBXVTjN}J,17550581,3988856,7195365153,19392117730,16334354136
<f][yiY'HRi^S3=D~|NeZycM1>/tayB4Us/'A/Z=64is,18426206,3885554,7239168648,19801702696,16401201799
"?WXs3j2iic72ajHxCb7mU^M""",18483000,3993936,10004922634,22527039597,21819258127
"e$flv""^?FMZq{It+)k_r[_X)[|N`N@I?nx1/_22z",19247408,4184983,7765407788,19846972814,17353634100
SX(jiR.BI*bj![,19061225,3993576,7247495524,19732812157,16383981798
bQS=yzz-8R5>m=\w,18753376,3913728,10142804071,22667264822,22037488059
TOP+>|ZE%3,18171355,4134098,7988043014,19675855950,17799033469
s&IN|B^o#/}LwNB >r]3<=)8lfS{&O3t1g)G,18685379,3963334,6825686028,19357841384,15523063604
?|M+oG~&e9(5V8,19419470,3859583,10150607707,22695292554,22003062854
86JRvfXuL?we %|9`$d$CPTQ6%fB4,17974461,4048715,7564264401,19621681520,17007228283
"3$HUi7Pj|W%^'j,.,iR7@}ccJSVDc&<-@^mMjXOmSr]m.A7@",18186522,4261813,7181124579,19654402620,16380141057
"g2c3wcFGAaNW9U@E8+8U%`qiwI""]x6E|5$ai,G)vo",18756838,3904122,9499956496,22099585727,20777975620
"3A<iR&E|&B%\XoY""v[U",18507853,3875954,7194039959,19266304069,16159467676
[A<r2Jup2JV[)0afUB{+vOO%,18940751,3933147,6399901775,18666707205,14416093135
%F2&1K%@|n!D:D8pDqmO4,18266661,3808161,9812192331,22366033870,21384592623
"]V>.Ue/Tk[}H ;6PmO%||VYkR|R52gk(N>""1;9hI",18198241,3895309,7397548785,19446118928,16602392364
"~,<#>bFIEaYsu>h93W-W""Y(",18466093,4480001,6966638540,19400196812,15784769918
"za}1uWdf3|=4Nc""",18437749,3804649,10068931574,22734397931,21934087889
"ICNCU|$.P3iw+j""W_%1o,vM$0z+kPzJt;Hw3s1j8 <",18524695,3897095,7312514885,19366716546,16421959772
"h~'fVx@ae:4.@#PO|*h`$@BQT'B46CpGFA&.>IRSR""K2-GEB",17892192,3854707,6756482283,19286976779,15449537112
"uj[f {L"";`sr%EoZ@QwMh#1&h@(Ax6\#`p",18598075,3832265,10098057888,22669063879,22034021134
{[!c*~`E`<puci(x'Xw-V,17782679,4005472,7315026478,19396691020,16419914358
"*DT~-7(*vB5!3n\EM,a 1603_?",19235336,4583391,6738292227,19071653115,15201854691
\l031St3 ~;8IqRB8mJ8^H{0JwX}swh(k.'XB<3p~J1r| QUS,18521582,3839246,9623793607,22275762401,21170450799
1O^zoh!#D:ZS.eesPMNftvV^LY8;}gSl)ep|zu8|Mp,18831798,3910581,7414062102,19476386608,16652443274
M\pBy34\sM|I6V@1 VPUqPG''kshG/v47,18616432,3896590,6786677687,19245670432,15452157727
zF`'L5`<t$?Z\,18109492,3814712,9685195188,22559624505,21376160960
"vj@_N:DP,FoDl-0R/PFDW1EF9[1{O",19088664,3810385,10269349560,22668178872,22201383235
Q}qGaWNp:W>sl:;n}OB{223G KYW}X@=Yi,17558330,3916964,7503314758,19724142331,16943486812
3i0+HFUmq9v15UsHD#V47V3x|FQ{A)B,18121959,4569422,6731175231,19377645720,15440785041
5j}mU@0+BrQ\Z8MkLP;;T<3I,18946786,3896463,10126012869,22517162844,22035910031
sOH{CWCa~[Ow9>N,18557356,3900606,8312547072,19559102220,18412332979
eR lTY.fi9,17830455,3818914,7217236280,19998638306,16413394029
ZqZcEPKH4bA^AP,18296837,3794483,10442285111,22797561669,22738519041
0)pc{<K TL,18288612,3874107,7419732478,19566829003,16711831635
@rFvlE(]^u=&5*RZ>.|Fes(R4>Nw@sGDY*Hw%,18113343,4169856,9749833135,22576198746,21494302353
"([dI^nkqP6,*SuK!_SgwU5sUi $^+JD.A",18834706,3812287,10481698200,22789274717,22836817870
",p\/jb,w'uid<5TJM'l:<%7l",19725758,4851720,8657352069,19544682302,18839861044
:yu.iJ}.KU%ACtPS76:Z]+#AxoU30}+&53+AHI3y,19102961,3783915,9749796296,22470108194,21369666967
"&.qm,Vc(?+'.Unezn?-)E)0ih;F:?\}\OQ^jxw",18227370,3873774,10467798786,22561356111,22767154890
"kZbSZdu_~$Y4@[qLQ7'\""`+/:EtSn$6xAG#Hcq",19491181,3918183,7220516447,19447772965,16371062615
"@-F-BH{slWo{*MX.,u(^/d_T-l&R&mPOENZ[",19646817,4488186,9937101163,22521405357,21645418144
?u7^m53S\K@-`)iNa?~!|6]])Vq)a$huU.?K`3,18138592,3872907,10472390069,22509458164,22671372773
*qlX{a20L%pY4C6avJY?WHn],20695388,3983076,7571769674,19504729237,16845880018
'rogsJV;4Z6A,18885783,4118416,10100987952,22693662692,21962589437
HK7Pkl-ocP1'O5mio&)rht'6ttbXxoL@8~,18264847,4188116,10439724408,22439512936,22607377660
]\SrV<olnEk:X='@yaP'Dy-,20181436,3911362,7159950190,19317955754,16152118991
~% pzUQ1aZxn~|M&$h7_;,18564395,4261776,9559928424,22421042899,21109363886
l`?7x}{ZEgnk{,18674207,4925819,8515285741,19461072084,18491428032
:H>EV3n(.9Z}XK_r`h'ZlA-\Sby.Xf)Ar,18923413,3885509,6889721852,19267129252,15728039992
f[oU;u'$`o5j6T9p`z@VB,18876729,3914500,9739723543,22398610701,21367933019
"}ilHL3}]DtK1""st'8UVT~QU",18192143,4050015,7372273687,19493108173,16600718616
d  #GSi`_GpPIeyxK1nPT*6'+oqoH$d@iGu(tJA.fnLz,18467114,3840693,6853424410,19364889510,15639648130
qSU@oIUd|VY{?lhHvgPWw{3xu^A$/Q,18322164,3974028,9932014743,22648081153,21798377972
Jx6el)VMfmGM1A)DI3KGTw%z_ymMV&Z*-U9;+gSfVP.S,18066175,4316426,7210661880,19399220303,16343317078
"mPs%_TW+""l8aH7^MYVQf'nW",18404397,3830269,6642061637,19159198977,15337845999
ErpEte/~v(B<c:XZ`1hIFtE_F~1{!S,19315826,3810929,9913972132,22561679937,21612921940
_eP1Mx1wJdDL-d|IY2p>&CsZ2]([=?*:x8*-*U45)y,18177680,3897368,7643508801,19678177565,17093473120
"UMD^Gi1a;/!-QvJP:F5t|SxC""sg",18298868,3937196,7016535902,19329321138,15970547958
61P~:CV`d2AUe\gT{pH>,18967410,3940522,10064077731,22641735596,21907890915
IWl2Vh_Cd42zEtt_YdW_9`E(!f-~M}@hf`Nv$+E)?SKI!F,18013897,4458957,7633966887,19675253997,17079034518
"%44Woc^+JTi`F~+FvZIo&""z~ ?_3mmEmY~,X.xR`rN@IasRS",18742465,4003751,7360402952,19504419443,16443605739
"BX0p<n=5?*JDU:j,}_>7/v4/~'~XNxahz",18854200,3931819,9907728536,22535148546,21638317170
*3PFMH8;m>S_96\dK,18268238,3865167,7320745979,19430492874,16478532666
"iu?d]EPXNwlT<@A_:Su,v",17972692,4688281,7623451675,19448779222,17010380266
Cf&MG7ZkUzQ@vf6?xyff#\F'teDpvaq^PCys{\\LnG3=9aM$,18313438,3942817,10131338512,22658240130,22040397438
"n0<Zw&Xm:w){dcm'Es,jSXu7bQ_\;eVjX.*-xFbgFMARvw",17970311,4504982,7259683132,19377869522,16421034431
"cORxP=,!C8.<y/<*",17626116,3848771,7360811664,19973609764,16686582397
"-""I|1OWoCFn\v+bdZ5'|5n`{D,@Vir)S8BnD 1nm",19336244,3828929,10192709969,22654973624,22037570284
"b$'WKRE""N4Po,G>6h 4wzJ1f63",18271953,3892018,7562535768,19623978146,16902094636
"Kqld[s)1P0`Fwl2XGR [x6RHZl_)rP,|A_Y_#1^YA&o",17926491,4156528,6860190882,19264605483,15497869646
/sk?z_TRv;3U^;S2zjj</hIl1q_kE#o03t'~&,17871899,3878460,10200222859,22686719547,22247846544
y]{'1R|}-p5]Z2f_2z}^Bi{8u,19310138,4334047,7424663027,19316730154,16505911250
dN!!?oDg%M};]r#:G'4)#5 W>%p!Zf}`<*+X,17747718,3813996,6816671490,19530486441,15571205941
IqOJpaDB8ex$&,18494709,3782219,10303528087,22674256568,22322376923
"s)eU1`|rq].048y$w=_d.!EB8#4eE'##0O[dBE]Qq,hmd+B",18131237,3890710,7202294157,19374897176,16278987261
|9O>0y6Sh 5}YY~3a\ez%n U,17519311,3958277,6237130534,18862705816,14420146962
"b+i|,CGwm J$-d[%a)EIyA]{/)""?1)_;A)~mar-$3*ojTW7of<",18863136,3856872,10085235946,22484333814,21848805047
2xfkKW:>0o-8eU~/2<:P.Ger`!u=3B$t4-,18201175,3920850,7398181069,19465295393,16614861205
[&pNzKZ\{F@)~L-k..P6$2)uM@A;1_~`nG,17777146,4487146,7042253164,19660588442,16041615928
"*DSK$SQ>u)USH7|;Jew2Ye""uL1H#",18116695,3917749,10222194395,22554395716,22225070388
"?T]SR,GUr_%G]cRZ=mlqwo""l{5DLB&",17825819,3965429,7343921235,19408303937,16597950503
Eg}G1piMW%e[C2rJ=%.k,18187410,3796726,6679634820,19354406022,15277384229
"K4U~dBE'I""VV{c~R5\RZ,uc>vzPp~#(Ri?k{s0=UW%MC",18101035,3892577,10218640483,22627622266,22218934019
"C1W&j3T^(ws#% lkJCopap,NbC",17707370,4429216,7764925203,19504768196,17225814120
"5pi%b_'beVA\2@Bk2B[,}cb5Wqj;P#BiS/)83",18038975,4335407,6695876904,19434356674,15389637596
9#)14r@Q)1,18467120,3835487,10210380379,22678500452,22205862447
"q#(s,ALa}cnx1\OHBWpfhcD",17667997,3861944,7322762386,19509147098,16516738235
^QTEvpR4GUpWnF|-Y@(nD,16792342,3926692,6926850151,19557146990,15765235716
"CV&YeS6uwha&""]|SqF3skQWXZX \\K-^q/",16297301,3823751,9736506655,22679737536,21522311564
AlYj4FF+ZERAh@D #ha0fUMlf0,16236201,3921075,9786655303,22641452471,21561570462
p5[FtS(zwk~yNG#d!YVn&G|E>),16328661,3814555,9814563545,22785078956,21709646107
"] N=""_ZN,ve]&d,|UJkOX3;MYz",16541320,5035441,9759993870,22669612648,21547981866
8<Eq.1)>Aw:XG7cH,15409891,3838402,9854174490,22890106286,21942950127
"?ug${q@_LRY,^tYD.KRHCDw O'O>;'?",15545694,3790631,9736113041,22824278679,21700276353
/SoAUaWLy<xTf.|iB-Oo>mV],16431748,3785213,9712069647,22768813475,21619500797
"mGA1$Hd~kNB2]cj,L?ZT0{+GSOh&Z(&~MNwRJ]",16291559,3819806,9766520103,22769670556,21667126217
"""E8`J=O~f(1Zb|ps]*pOzIVH[.#ce",15487558,3816706,9788605810,22780341750,21708558316
"A<c[zS1t,v`d\Vdq5zA",15315178,3807364,9285859618,22370748198,20797643614
VQ+j.GQI`kT8J0+P(%Yc.RugS[y[}[_$'^e;+Mv6,15638078,3863378,9746547800,22767383245,21726852727
"dlEiu&)a8.[wd7|8z7GmF+l=""Sdoy\eO,",15141234,3898342,9818827073,22763972051,21718453605
"(O:KSi^Ym^?2x&xAET3D<XMgF+$N'm{:P|#O60XO9,J;&c<B",15653117,3889582,9846540489,22827885727,21825000468
)?44mEzS1mz,15358679,3783448,9331803787,22490111701,20943317761
z3~'y}g7l;j'@1a'((q!H-,16091915,3877366,9821877095,22771448932,21788279425
([nI^$zmP$0,15407207,3831748,9612987355,22728967041,21471285995
}gVdnRI>uAuX GFdCJn@,15742651,3804177,9715841514,22823793197,21674127594
741U%aJ_IE8QzC=},16096203,3861170,9540019592,22608423413,21291692047
@JM{ L^wamIjd)L2~u^aK8BXr$1,16281146,3867663,9877003638,22865302608,21890078251
"dbzM`&ch%g/bm2_`:#&U!p-[}?9C""NL1eI^;oa/r|~t*rjU.4[",17227656,3838296,9773362250,22661488844,21575959200
`8tB#tnuZT`ZWQ8%D|%?_d=&qbT{x,15809974,3836001,9666673780,22688854318,21497967548
"""9]8v]R0'npMnABQgjZ",16313489,3848804,9871908755,22810794142,21855352963
"*;#!X""wN#tAthThCPyU92:K{I+;*B/O&_z_9|'S2",15848099,3845927,9728661163,22740232765,21620199890
#x?FQ0Jf~F,15662592,3834316,9546810039,22562370153,21302523694
VXBqzd+Yrt3CL>cpOwpKwW8|gwQK*cK:(s- /X~'+=,16189494,3823138,9900703932,22778819801,21842993956
"Xn6Yi}^""YWy}7N{EW!wy5Keu-9{D=TBtHU?UIdp1P[Tx",16049258,3814515,8641490148,21677874360,19473632460
DcT;*edymdLwmdX<B8%@g*v3;D(]D<Rd*]0Ybg,16151450,3821182,9809491006,22835202149,21784306709
"""~,-!v5+x+.<VD)R$9U$Z;dPEH\Zq BR97g!al7l;2z",15925217,3860396,9680351122,22653926597,21534819264
"&WE7%u3RgI}b#pNdUI@m@|9_""Hmq:b`#:BmJ=ea{7$QR M",16134703,3847925,9751174941,22785178006,21686116381
ILqFwSh\y-zZiIWMJJ2bmPZOQaSO,17200438,3834959,9757463504,22715267546,21610878179
lUznzJ9V#%43M5? @z_%*]Rp<aA[,16836118,3782571,9876132855,22802617905,21827641518
i.8PG!N_eDzEP+a2az5{]<0y~30)9,15803466,3826442,9714968413,22708075788,21627930046
"dh3z$>%eBDTvKC,ZS-8!dp/G$Pk@qQuv(Y+[a*P?NT",15789308,3869822,9661629403,22682382322,21499076813
"_8tn<doPu{;<~Cd~km;}l(V.vt8O:E^2VIh]=""",16077905,3797848,9539923022,22646297824,21329249098
"uBvO W=N>(t#bb+mUOR<%p2#jl~^:~""+iEym"".Ehq",15812207,3928560,9782678845,22731016512,21714919156
KI&`=]{=6m>RMfu,16415387,3832894,9784530518,22759574537,21686683370
"g:TVB\WY1""}sc%gVDSvs:Z=9w""\gOF'`a}x>cl~$KC--""""",16473822,3826492,9639239123,22581612153,21375371078
")7.A*ck23QZ""J]F>Mh|09=smo/Y2No7!4_13%`",16227233,3834394,9663030553,22678640405,21478726801
uUc.h*xXlI(#RG`I5<2rePa4}TJ*#,15572746,3864348,9952481510,22895250804,22045680978
"++h<,M;^0Ff\Yw|R5(e>`W""37^a!+kL!^b<(Y0e",15927977,3789096,9362044315,22413335040,20949268133
"4Z6!zyp-UXTB(cV%&Ub//<z"",r\<.~nND9dqUcRqf-ubG;2;*s",15923863,3842491,9560808503,22566154652,21274410562
vX;]|p#1gE.[zXo0XU 2Tb#.Xe?CF/c!bJsh[`On%isf<,16541664,3874271,9576403248,22519575747,21265040155
#\\i:e\wd(6,17066657,3896010,9776342527,22702201492,21593443657
n<k= e'8CSDp@nRU,16463859,3826109,9126127973,22185360086,20414546750
I+0 .gdfpHr76u,17250509,3835315,9790701542,22695704438,21567673840
I60P~]mrjIO ^=2{aWrTc2OK~I9L`sm Y,17559526,3852974,9492773203,22399497471,20980076996
"R@:A/BEBgp(6.zHwb]FMl,6]spa=QUt",16366907,3816656,9642137591,22682063332,21409855429
nYA!BRp5- con\ jim4k]R.R-z.U?F8YoCz-};KW_n!,16914001,3959444,9862598355,22664774593,21681039967
w*RiLl%\09=4+}oef[D:h['Ogm=eAwu!s`(Y;gl8REn-T4a7,17154995,3869923,9699453498,22534648991,21364287273
"5t(A]pc~w~TA^5'^q\EI[,D8<hjWc%+R",16833800,3828597,9741532611,22717307801,21575518410
0-!M3-yUgX*C,16588494,3834681,9634715708,22666817120,21426776042
WpeMK 7\NQ.#z'E3fJ8z=@C@etd7q)+W7H_0b]?eq<>MWCK,16712527,3909395,9696767900,22590300999,21475527852
1IY^DK'_DbsNB'aEXB!2Yv/:,17461575,3910166,9924266231,22725898296,21801582895
zv|9I]#GRkzYyLr8U;k2|;7.XwS9.GB,16730622,3942374,9896753619,22735469225,21811499442
t_[1!=5A 0c?d(UGM%w,16964376,3826459,9750523499,22690616933,21535589080
G7Po@9yJ/;3,16588383,3860216,9844813422,22867489552,21811744670
"?""SV>dEg h1'wk*_Xl9FUI#%""3i-",17040147,3840535,9912420612,22853240770,21880806463
"FAptlbpJV*(GEG[Nj~6%tB+><&'MR P,\?H/5oZtO^",16469386,3852395,9898459497,22775288098,21757989276
iEWA'+q@S>W2#Bb >P<!;(,16778379,3807737,9909158387,22901993563,21892092145
"8xF)b1]-]tp|m]""c.@c>AZ\7f,{Cf7jRFL]F",16644432,3851097,8466343671,21418468653,19002948839
r1ZcXiTwech2d%L['n {@%3C#UB,16842648,3803048,9745059623,22702677395,21559786633
"OVHs#OXA76z!)u?l7.3v[u""KhdMj>#t@Eh",17017733,3819996,9529554846,22445991315,21087268155
@jLQ CYM`c)Ed+H.<Y[^VtIuF|`r[1~Vdd7J+WP:*)fI;(?,17095418,3922293,9871073026,22737806162,21741154548
96Sn*0[T+5o0A5jzly&{=KwbaP!U*uiM,18999458,3892220,9815455256,22600108125,21504783196
snH.k+Yt?TEAN9@3ItPd~O)C],16575204,3887670,9856032922,22766697117,21788034601
"VFfe;j r""k&rZ@,'Y|=,[O",17301945,3893790,9921700373,22716416579,21797653242
"ovx3uIan+HVn9""`tEf>J~fVM-0KnlQO(EX`P",16722313,3839340,10711465577,22891414420,23293389332
"O0<""g&'::UXqt9F<s\s-1RZWgi",16006818,3865828,9813517402,22703870233,21675649885
#P#2sg-h2T6gw\67B,16965767,3893264,9907397121,22776612304,21845559281
"=_3&C!DGiFA29a""\""("",d7eRn;Zv-oNj8c(TnFj`iIGk^]",16649574,3870160,8925538316,21921183709,19993997359
|Q>bIb:eR<B8M -D3 D4$iD_IdWD+M ~xwMlhp'b7p,17555531,3834492,9871734513,22830366795,21807254279
lm$u*3/JFe.m-K9[q[:%OmT}d,18259623,3847774,9843749532,22665040160,21608717006
6l(;CI<|\!A_@8T*g,16382722,3881558,9812620257,22815424295,21729093634
G$vn3yG/e\^IRSA{D~8,15865773,4002406,9855797522,22719887307,21764803128
E9t].3nL_5fo[Vc,16458905,3851962,9826309204,22904340738,21821982723
fTBL87p]FB9,15599713,3844286,9625113193,22694278633,21451312239
"Msw~q^;=ia6hhzB.pIE7K;jE,&3-SXv DC|6FDCt@|$RU4>Y",15776648,3859188,9613421506,22675615898,21425239037
uCFJtYkZEB@;r5VQ4,15786329,3818512,9755376820,22809859015,21741967320
RU(H: EsYCp,15717585,3823679,9816031007,22774649879,21700235251
yJcbCR[5J$Q*L@AJ<$v:P 9yc8-_~\<=kN1L9=.,16685987,3914035,9923312641,22818894389,21856758305
"9U,V~XDe6 QrODG.Zb\R5O@Uhuh>[YTD*dHZwH",16905147,3794209,9786424178,22794506279,21665249760
KZU4dt/dP|S*`'Iofref%q^Mma6482~(hE iM0+h.DqV8~p,17156461,3849572,9734410088,22753113671,21557884353
.7=G#`D]0aP^c#SR#;2HGm6u({?,16879124,3810724,9920853779,22955580393,21932393079
"a|a&e,TB""8p<74<3=_/9kul""g/M?",18507960,3952686,10183807129,22870591846,22185681989
k0X?G>|]S&ZZ,17650503,3818035,9805584357,22749780791,21627039797
"')2u&WW=8_urDz_+""3u8>4RLtYqBrxCPQ3V7J# @&@=~1(i",17198960,3861443,9739042847,22697366909,21534814744
"u_JZ9g6@*,{V$lJ""DyyAnzNlA1Y|RN?Hn\]fpi)N^#(!27d1",18688830,3819840,9967677847,22822918206,21885797380
'O4>/w\_{4-[a%9p/Pf/X::tS$s0d~#^3Q!*N|{]Z,17391899,3811957,9642745700,22560037509,21303745441
Kc5M*[cJg-@G7]n's8vr='VAD9Q3?u,16946295,3839040,9700867468,22682735339,21521774878
87*-K6C8([Cq6u,16896516,3908268,9905167848,22822385768,21864326080
-]&|*@w48q-{?,18882995,3925736,9920468272,22693184785,21723221974
bKh4RVSx^8n|g+7*,18278801,4016239,9737693124,22557375735,21487992295
7.i=qsnJ6&LNV(\L_j?)^eKC@[J|^V]ap^G|KbT*JQ,20375085,3806678,9893066717,22589426831,21586031502
"!\l-L4=B""mrl#i\WgRS!T>N~6T%EDL",18215815,3868147,9572730301,22496030062,21163255746
"`~fJcU2_TMT-'FC<%i(9,Af5KW|8_ZPn",19308172,3909768,9749650209,22505569120,21387232622
ujLx4&mX#GJzSi1,17924173,3909028,9556756167,22429395742,21113939332
"F_pB.7$""<Nd]CLs@",16400087,3816375,9627867205,22631983042,21364246874
"}x=?<09dr,i'+HLkT|5;2^GX::tr8x$<g]$-F",18131030,3832275,9839429040,22693051829,21659965369
"K5 DY0XvBVTk_LRz8{3\!PM=,'u>zfTng`.m&=z~H",18281765,3852229,9794161951,22688373690,21606825075
aBB;[V|1Nb<L4,17126527,3923756,9815636583,22722480540,21721081871
Z7Vd^-x:bN4aJP>K8/=YcEk$>Ck;>7f9_5MKPZ3ndB,18021447,3859019,9830401694,22625459504,21601986840
cx#UVSnb#'cM`Ka{,17500583,3835943,9769362449,22669720007,21571681374
"T*,2Op""""%RLK@Dqxy+:.:}6",17546329,3849006,9736262602,22741730610,21619252891
{:v6v'WEG%2cYNm5@,18259516,3896150,9882932159,22662885757,21679459229
'ji~Q5q/)#Z!dC.h_oPmin:2t-kEi%,18036434,3841115,9748766298,22637408156,21504859423
";twu2Gb#]26h5dNTO $k8(u+J_R#1,p?G@P9z",18772906,3757928,10055890788,22905005785,22129009985
J(ueR/@G`$yT()[+:D!ebj(75r/TW,19203094,3846259,9990356249,22764476032,21900615022
"5f7lQ=4'i{,1U|%GO7u<>z;P&r!2/=jv.uA>m^rg",18492944,3860761,9803871607,22703514778,21612512159
">nNAm.<@hy(6wOdcovL@VGVPj]3J0{h\LpI23""-%",17264739,3824354,9664291118,22629958849,21411530465
F+!2?]@@P#n{s#$r.lhZ%FIxSI5s^38gbLo|u!MO`q{s.c]8,16221693,4075458,9836385443,22654422594,21706878045
"{s`#Nb9wt;EE{ ;=LLO5Hy5'IMk[""a",16122708,3826953,9954152222,22918790171,21984948025
"Bs9y"";XD?wPxDDYXIV1dWkR#@X)v=.",16109604,3805160,9824290110,22822963618,21780389730
"}+osYM],RUo6z[Rr<'_Y3E:myfS#1vdT^",16439944,3801796,9802201460,22829006219,21752047088
ck9c*X|ZG:PhqOK~zCohJ4VOlq@ZxDBxjgKJ @0Cf/yTz((B,16536207,3802478,9782168167,22798515654,21689960038
":L1Wsk4pssL-Y""[I%<>qp)b{bm,",16266298,3840352,9766905139,22795731035,21684491424
-&n?`R>=`&V-#.[iGV*bRKbI2N/4n6'^,16147293,4037066,9895595924,22756723709,21831577882
|v0(48~W/r|lV'%83_CZ. 051-xJ#J7PkRO/~J>)hK&],16441532,3865177,9789995106,22786397853,21684617350
J;a}'r[m3~`,17251164,3965554,10030892132,22915298579,22075925967
"/$/}u0)*_8La?E@]}Q-qrHP`aS""`z:gXfeACXII-",17453511,3880324,9959166054,22773577010,21862860054
m?y *uIVb)QDl[QLb)x#7 N<AWG+\DW@<`=zKy=0W MfAg,15940024,3814303,9929720461,22924417772,21961601950
(yeaW*HU]W]J=\vHRT,16289946,3811123,9741160139,22794969649,21667468406
`^_Yn+]c2m3_IjYj+Bv{|'jWT&)Y,16185489,4023815,9853553551,22766568182,21799060901
";\Z""-r+ijXo{%`XT]GTksM:j7mZ5Zh/oZ9Io7}|Nj",16231279,3833548,9890332534,22825320850,21807246424
!*:pLSt9(f&4zxFx7)jO\)SeWRx!SKSCwNAi^`;ZM3B`= #},16028735,3997570,9932264317,22802657475,21854700493
Km%U(&ySvMetmeR2@y2)oU'mK-_9.wj[8/|ku9*_ixr#,16424905,3852834,8352521856,20887696878,18247891874
`kWNP&pUu'>}h{H~$fv/kJ^H)qqza&x^h9q*)!i3,16161183,3824757,9665948308,22647139347,21429044233
";hjN@MC,)Z1@W^NUr""IWD@dcr!L"";:Q\d- }pw#Up&G",16129966,3851126,9769263673,22831885040,21680019289
gm:'4XR'9$?fO,16016714,3938565,9874249885,22821981184,21836355216
(gf|3)%Y{hA5apPRB^BAwAzZHAH`k\DE-T-+[=tn0ImM,16054654,3978543,9845735639,22780294257,21769087621
\$t+5H. %l6@ebpQEI+IKOl~wlo$,16758587,3831611,9756275819,22655900700,21556346350
W6.ZPVfb`K_{cRF',16639042,3829051,9550300626,22573649894,21222881329
"]2QWdZz.hXK""TCqq0?55L;SPJ:GETn)2T=@ec-?X<n2s!;",16335203,3916965,9873946968,22849700148,21862969602
"j,;FXO(p GD:&kf%[-05w)@4yWQ*bc!Q)[n",16958980,3827858,9702218190,22708580272,21492890258
"m_A-m hrd.f1u.pl:=>""5qu/G;2<Gu. ?/0){?:w""t?",16483236,3872366,9817301592,22706397821,21644712536
'^w_N|h0z?J%O_Oo$CT{,18184747,3841380,9867284844,22694701833,21683730279
ixI;yy0K[!3o52v,16606189,3802513,9706405608,22683506260,21514303903
"""jz}A$2\2;",17054012,3786792,9741638187,22664528549,21524303489
o.=I\dU)5Gw#lo-b9F/vCK,16351826,3899557,9809647614,22720432811,21647286537
TJ1xU<rFv65rRsD=)mai[(6Ct!#~mU'{y1b=MVGZXImCr-,16286115,3828965,9682639812,22692270314,21489144592
"rg+5^4!1+x-<KLQSui[a,<^m9*",16035344,3826538,9819162959,22865302858,21772381577
b>;+[9S<KdmO,16096479,3821292,9648452682,22689426394,21429374504
"O:Nu9PZ*3,-iS?O`)l<Qgy*",16037668,3801071,9568731411,22561702842,21236320704
"j+UKt.[aUtGww|$ 8g+1KH^I5XR,2D\e'>k.B#Amq.",16118761,3831424,9774458731,22771063487,21642288959
uEOkeIXlD o0d^&,15670171,3821571,9728811319,22747499338,21632250421
+Q[1=IS&y;^)R{<T]pnIGnK%CH[<aWZ,16021594,3814580,9616722896,22676356271,21428165058
"]ORczAD`x+&|X&Kc2bz{S4^ZnBA]""flA\nEEJfHWT",15874907,3914394,9466636261,22400189681,21097358894
"JixPTQ~]<zM\E~;~F3""8,/(*_jxtC{_{SiF]&>O",15931381,3866629,9796093226,22761380101,21703279236
"J[es+S@|)o""lO}k$~+/ZNbr=HytC0w.^o8]r$L#yhRKG?dAf^",17014907,4028389,9992639248,22779621645,22009016890
4B!3TwKfttG-P^wWhc(%u b9JuDPmTEfFb+,15752828,3925057,9767259577,22661542095,21646036277
";(9z_eFKRzgq""~2ms%",15951170,3898651,9783002781,22711791571,21657780182
"Dwq`/z,@,SAbTyYAxNSm&T",16216266,3841163,9828766924,22789808450,21757316871
"gE8~[;XR29!\HQ__]2q\M`3Q""Q1FIL'dh@G%d%Y!8eN",16140361,3831364,9763843523,22809769606,21716483883
"E""`m]kkl F=hRPiOJ6&fdrH)I,",15973441,3810132,9740897425,22828751911,21704421696
?.(#C4{wI#u^^.4Tz_o>r0A*!GP,16329449,3889014,9847327160,22777061148,21822220279
JRV(ky@3D\l 6$0TLGG1)%lgu0)&K'54b(K6;=+IZ?o}$_7u,15881493,3951102,9713738343,22707827954,21607700792
"n?""3:%-'9EPZ#D3ph\Wufy2PU%ea8yZ`i",16279457,3889024,9942168168,22867624351,22036941830
;v34OV;Ol9E*~;FJzfO%'e,15815620,3904832,9597023240,22519058744,21322502879
<x_~U6yc.bO-R$\('{*GG\jPC3(bB-yieDJ,16417707,3895524,9908681339,22775868582,21854314050
"|'j<{%^w,#+#&fut;d1",15998392,3803966,9669066674,22642359485,21454628595
~fXjtkiLJG&`/eUwpHbF~x$^dXa60[e/,16422690,3825899,9786923151,22804146458,21711194701
"nS#PV N_E7o(4$)>#""""[",16063514,3895896,9802511411,22692093239,21644610469
_`yi/iD2xN_+y7:&sk=/=&ma5DqRqz3),16363484,3893391,9859015038,22786301475,21852163108
"QbXRKT9#,5u*TtR",16167797,3808071,9503757635,22571088701,21219684666
"NEAR9^tFaNse7v<c""F.M.""G",17607306,3794157,9890752799,22807179826,21838479697
"qU*7*.P'""d ho#Vq3;G~X,&}~jla6@;k@w?!SHw\y",16116185,3845124,9373859845,22419727797,20945228487
"CIBNj]/mG[3JU1""iGlo7B?-\0lO",16035697,3811503,9897031995,22924885032,21910335577
Gtqob_~FG2/}Q\T:jYndaDYIwY(\u|e36U\6O%`@40~:&15>1t,16759128,3836218,9805509930,22780916143,21672004664
yd[J4QLeH{=cE}XF'b*s\YhJ*3,15962085,3830571,9760139911,22804799727,21636722488
"g02!:Q)'QDB);'x~rxH%It)-9fd,)zc""",16332097,3812945,9872668978,22812889546,21758408902
"B|k @""Y%>D7L7OCTr@DRh]O&'IyKSfDn",16629558,3866395,10739788335,22899313035,23365821035
g(Dg[S~bG$U(?5nT*3#(=8a=$:(LLRY53Dw?6Ql.1w5Y|QX0:S,16609994,3811635,9812850119,22795253285,21717275075
"%$`;ib2jJe/n&~Em7MM`x5Tps&9o""s1Aa}h<&R*c|>Pg/6$G]",17000507,3861628,9938355586,22892199815,21944574665
"%>jK&\St;,QureD/o#5~eGjaf'jg.zV*NAWxFY5>Ui",16182542,3791410,9813636176,22797495624,21730576290
"j4[c7`*w-&Zw['Y,FSI.XkfQFKpK%\mN{irg@'/s>""'}bHD",16310533,3838601,9842632368,22907356911,21884589412
YCk<+XNcN9.yj3@,16583204,3884539,9265462249,22173922458,20618339015
"=B#?kJ9f4^7/| .)$(C[rxYbV,WVQ1l9k}TR_U}]nw.TmZ",16258840,3881186,9663773257,22717284775,21539683636
"anwyT8=1L=-QVJ/,P:<o*8cX7Ln,V7%ZZ,1_mE'`ge",17454242,3844133,9887095653,22730453174,21842664200
]>-3e=1i:;hZUgJf;U{]j'O,15881426,3853734,9878323488,22787641305,21834824522
iey^%(WL7gYX}3QhobF[V|8,15884863,3771086,9618660083,22691914033,21427422746
"x?+}C zlBDM ,J/VI",16183369,3777144,9585924378,22654127991,21354484316
"q""?O7>n>cL34)BR-tqR`fKmJ7>iOh7P,d%K,`+[P](_^J",16160081,3880627,9695914800,22580491948,21452728268
}d:&%g]lMqVjd=<?34NFk^EWX,16549201,3878723,9890901700,22774207287,21871909805
"H#@Q[UBz!H?KOERAW#t""blm-zH.1(~G?",16120119,3805314,9743988814,22782244439,21648606610
u{$gd^.q0lAVZaE%s]lx>W<hA<~P,16344711,3799772,9797217176,22823604651,21736615760
"%9-5?~Yo%HfX3?HE%2?D~0AZ0,HW|NiKXq/1W=ZyKG",16276987,3852580,9667370745,22662663414,21486312614
"anI""WDJe!w9GhyMB{C!!8JQ350 ^sZuYA?$Q",16465157,4007704,9933895957,22784681803,21954452371
"yoPIRl3'icX`rQ\8$=eMFg'""w~lYBU8S#Ciq#A<]7",15771278,3813969,9618029142,22713320947,21448931965
"{|@Br{)6\X=BnE_H=tHOtDOm{waR@eKhH{zc75qU}c,df'#B-}",16135782,3933436,9620641847,22653415520,21431617887
"9#)bq^ t=_2W<7t8V]4f#MsYU=e|8vk'O{k+28jb""VjqV",15875855,3801863,9541986990,22549577516,21208796827
h`(x25N<L.K?mdyE4K4fQ@xH-Llz'^lzHj$Wk#xp,16147828,3866820,9791559598,22800163685,21739220614
"~r?9\7u&diDW15'?$}g!5""k`)^'*dnxi",15786811,3841159,9806206583,22842023283,21766597364
f?\$<XqpJj2Z/b|Dp,15886120,3793271,9806281913,22795137761,21712423856
".V%dki.C?/;P:xH<*"" %J+Zn8,cAxC7O4@nd_kvsf}/yl7",17614881,3815507,9771219224,22687379908,21576843543
"voX\,C=zAggLl=;+6L\IZSzn/",16029595,3808932,9537224081,22605314467,21251954400
{?#K9nupOoNb'U4[J{$d[,16203199,3943188,9656247429,22538346469,21429718424
~+^wqM4]J^WJGh\+WDS:~o#E5t2RZiJyRre),16357523,3851893,9768812936,22811611956,21683755287
"/+us61sD7d,8lLuA3@r`'Rv-\i)*x.R8hDC",17432796,3798077,9708701099,22653053238,21477070387
LrZL=1g$FS/hFl1dhG>5~8N*zv/T,16331119,3794598,9895610254,22822242871,21873353038
"Q<b~x1q~Xc|""gXBPkU<1\XFpR# J#6UAfvyy&dr7*IY!,$7+S",16079081,3789923,9828372659,22809701101,21768634022
"=WS?6U\'@U*V)1aI.Y2\&|=)]u3oyI,)I:@#I?:OVW(?$JOb""=",16722687,3818143,9852986003,22835890591,21800196738
"w<1j(7qJYsC7#&<JhgG9YD##.#w%!JgZbKIbO""y0b:,V",16745819,3801565,9805565411,22805292000,21713675147
Zp6M3<eP4tV/Z^j=gkbn-11xuydZ(CUTl/{JU%Y,17768658,3818175,9704879647,22667885942,21464457783
* R#|;$PGdygmF,16805215,3787383,9684381370,22695126054,21496299905
O& YeRm%(B6)'`/z\82)K=]Bp;V),16729216,3849394,9427214032,22438975228,20962547467
@=}KnC>?[.*Y\E7?~Vsbq xDPt^-}s,16561668,3819189,9686469462,22646817716,21465628344
D9iJq0$ecB=k+c,16430663,3872669,9900151240,22882016834,21879575185
"M`cx*"";*1IdtEh)2w ErAR4|F.K#.,$M+fp\DY",16561352,3905769,9840959667,22735472126,21736173134
Lb;zb6?+:pCVJ;|8X=%3cFp-'N7<R[/<g)*[:gZV #NDk,16448288,3878112,9922722148,22803989536,21879957953
[YTwAP:pG8vg\dgX#TDuW]q5w,16325212,3850557,9883502232,22891801441,21862924542
\7h;$(BCybow'JgmV2[+UuJO#]ga9442k^*07]M7X,16052827,3906138,9780954705,22810610427,21725873955
=.hOKU#_ZEg{,16594939,3882996,9797581608,22689807812,21657375991
|lvRAF3gvKxUY6Sv8aH {=9x .,15832073,3777181,9547144648,22568367922,21236158323
]iC9V{Gv'0oN1}I2<H4[[9VpP.7^l(7eGr1A$alPA51,17350729,3832332,9693655200,22672246730,21472512307
I^|kxI>G5f{>R=~%&*Y_E}h2_\m%o*afe'RN%c{QW,15650662,3815599,9652085133,22666116699,21474136445
"i.""S39`i$( ]9nMXU\R#j&@(y3p",16321400,3871566,9752611260,22773215903,21650675867
l=ch2b6Q:bqS}9.H$QzI(\z|^,16152218,3832446,9645699686,22670818347,21439886704
@0I+~gMnw@-,16410445,3899917,9793378521,22671172230,21640058654
#y@5V>A%x=e9yri-f@L`9HS; g$:LsPvganA515v;V,17034196,3820775,9792140045,22751353304,21684221239
"`.z2K*J&`F9]f>ZC""Ml' yr/l'k?PuyG>9",17916258,3816599,9690395733,22634057734,21459419000
"(RyOc-Uh+ |o1gv:5Ep=4y/E""rH",16445605,3850683,8761478675,21738616427,19607902506
"/nx&d6Trotxf?TvBd?""FF[!R+~I~Xdh_\(>gnG(8#wD6[a",16077868,3916967,9909810316,22780730384,21873194903
"ct+;**sb?""&F,R",15628469,3821294,9717895444,22809931708,21652497171
"P,OR20Y(.3?>Xy>])wmJXX3Iv=>R3J",17233553,3902396,9901871602,22750591637,21811323870
"vg/rtycbe)5rb-8}$,?n2:R9P9dgm1#.-zs}0b~Wrz|,dT",15755107,3829630,9728453043,22771469918,21626197139
"7 ghe&)::~:Nv,,RH&XI",16358199,3859995,9889248974,22783924688,21812295840
"OHY/r.M}5ox/ Pn[""TT-t-jJ6%YS",15585401,3779799,9700427677,22777396325,21586650823
"]\O=zY$c]R;}U{rx75V%iWR4d-T1-f,89l,",16440145,3811059,9844490935,22873577984,21819889564
"]l&]|""`^^l~ZgAh s\wcSbGk #-4a?Q>=8TG_G21{`k",16049959,3802021,9808000910,22776560819,21709127886
2?+m<aT9~*|t3}O2\G!s1K`6;%g96[3(XP0vq?;-qhF>XS?/#,16063500,3830361,9816153492,22867072939,21798894866
",O]IsTM>p%43X9KJu",16655302,3906692,9896925178,22779078198,21809149863
~Kk5E46sF/pjk9Ya}^{SQr,19087028,3842767,10010485432,22799513337,21920439743
"dDz5D4<xh,ne.e?meGe([T#q8.kQOviQ+",16299818,3986236,9879640390,22728580267,21822296096
"!6n,&udFbe nmhcAN",16949999,3866780,9947270419,22843256407,21936506748
}J?;'u`$Z7\*2q7?TYCat4ZpYX,16688841,3859585,9864653540,22719805023,21735761222
"cx8at.CE,p2N`DyBX*3#}dNf+|~YbW>ed4#!MV8""B",16133560,3852784,9628984681,22607230940,21375957184
MOS*#GYyTw%+njH8E@vRzK1@[,15974414,3965223,9659281503,22626595945,21425728445
<OkE;)q`1mg6\>jP8 q8-AN|c4Zr2.Fa}K>@_iD1c;-(=`\,15943985,3825747,9428070591,22495889797,21041708135
[ %LBHEjCP 5_`)[8nic*>yd&HE[I?YHY<];~(,16222642,3828763,9670800120,22701970519,21473577572
Z}@dN*&].eT,16532878,3913743,9943031632,22793252985,21915147437
vsWPf~c6x=w,16205345,3863355,9897737498,22794941627,21818207529
"UZ\ioyS8,1Mhw5:RG/isiVAgSZnD5xQ:",17061648,3929767,9802600559,22650631915,21648480302
"J`Hq<~T""a_+T4,0RXK\X82.j}e]1",16525471,3963596,9941931910,22788166910,21927960368
7MqlUmcPVRda4Bh`'^LsF1@-ZU+,16266569,3763616,9603443869,22647926795,21365863623
t.O\fZcb?DnI&4rH&4c4,16537152,3809840,9629823770,22670870718,21416170810
wS`VAdM2S0EG/N4`#.k5Mv-Q|*,16647466,3799938,9624913500,22654079835,21374744929
;l1dM>OwV%!*DA6rQ%<+,16508636,3847737,9559038298,22611774471,21277693048
`@7WaVtq<kA)y83WvYtECwk^Gz,17144756,3850693,9548540626,22548694185,21230027207
"ka70#~@9DvG>v""EqCz R1)wD9CU#*hH|yS%U%N@",16250825,3771298,9785111775,22752547981,21666893935
"qVXEh{?@_U:Um^y~wWR@vP]%6`_$`p&{(x!6o,kil<",16585594,3840860,9866667059,22818094614,21822480752
j.g~2b;T\N|K|LssjC\;1:V^10!ZU]Z1EDEZ{,16548229,3790468,9869096917,22800751298,21778229049
R^m|:[`MRG*DRSGE.Rd|b^yAh^E\R*Kz`;3=J{59D0KKbw*,16291194,3923458,10655183333,22760330941,23229623164
fKzOZRCBzWgE,15855982,3806998,9620467162,22692962792,21444750341
"ubK~q,?,#KlG2iz12AX(R<7ZV^^N> e<84of",16398602,3828120,9763087725,22713517621,21612345542
"|}onbNBk""`(W8d!pae[\"">>*",16204908,3865426,9827371635,22754518853,21739752672
`:YDI+*G3'!;CI~C9EuHy],16436130,3805300,9808846047,22839430386,21762142078
"?u""u )_U!:hvt&O'Z^H#}W1>bhgRK)""!`IaAl-",16560007,3828068,9715258347,22679521371,21531151983
\Crfzvx\py='vqI$8w'?F,16521082,3810909,9687471960,22693776916,21525825355
FBgL?WXA@N[P2Ob[*AEZ~l|151,15951367,3814390,9643110606,22720761044,21483459821
p>{VbjcTS6Bn6c'L4c-~/,15975508,3842018,9868731545,22909873758,21911502059
QE --Ut`o|J]@yr^f2lFk$@,16350358,3814314,9730979131,22670340004,21549827029
"'7gGI((?v<y,Q!.-`%,!jlJ1@Maf|&2-cftV7lNh",16865012,3873129,9837548681,22728990962,21706662530
N:Z#$DR(&4Jm';r,16063220,3885202,9731768589,22615344871,21514496603
ER>%C4c.nkT*a *Sv{dFz)vb8G)3=3-jHHT0{;A6MT?V:TXeB,16356421,3791215,9825330331,22748272479,21743292086
"fR]g%y1l}eSIA@ude,BEVe3]1T DlTx%#mfy;WlmT!^y_|n_",15900725,3805332,8285434746,21459823690,18859786736
"9YVH/_{Pk^""eJavUwy.}3g>Y%T.P788",16399898,3780258,9534868748,22565237086,21237218352
5FUk@H{#%f}XG+*cg oA,16155481,3843535,9470914015,22351844248,20983466112
"e%S$u_c67Y1\>YZ]y .7hKhA%7W><ch'y0t/7o9Ogq&1N,.fY",16315738,3869531,9676799498,22664313290,21516800280
0bctUx1Gf8!fvQW5*TuB]:7#yq#usL#XDuu,16203843,3851822,9628345140,22532590164,21315648302
"@lQ@~[lS_HG"")_Y2,h2=~",16474923,3832848,10018733536,22974889604,22185154436
"|jyM:[$hU*X?x1 uHiz&!7U,>g:Bx-YD{iH7:3q2s]-kA\62",16161425,3830157,9660653229,22705515183,21491895536
"\H""as~82}q",16379535,3761370,9704665228,22682595052,21523931665
&n9[i(QnyZ(1{rD1LSt:fJ`~DV[pRlrTHDN@ &[CVS|?,15656941,3903863,9768415366,22718379651,21677333528
3Za4m_<~fC]kb$?,15605787,3807302,9762758193,22889146466,21779865903
"R~Q*NT7$Q'kMbZU+Xq/.,H(sm",15475767,3805514,9372124730,22528064311,21036532095
";|nT=#D^27ww0ajA[=#(ed,V,0[nH%p6g.",16128542,3887429,9818030046,22803481377,21785475631
E^khSu9%)# Ayp,15830090,3865251,9485807341,22486285777,21196519494
"[;L""C?aK0&h/mgT$<Z@",15837567,3955468,9818707001,22755802380,21778076500
C}&<v4U@P`_imM'5#@WPAwPcW<D#&AL,18043719,3827914,9751851790,22717010685,21612190386
"p%G^Z]WXu2m,PU+zC*Aee$4Jg,av8V-R^9g6@Um",16539039,3767205,9641903956,22698498351,21478917194
"FW]K[s7hih,,WnO48;Bk>",16386509,3835383,9524257074,22606304391,21270369106
g8\<d!SVrLJeDl%b?,16586554,3821792,9910662280,22941182573,21944149503
"0Mzh.J<[?W?iWx!\!-4G@N(uN!g""q)cgib.v7|w",19385592,3840923,10037989940,22800496024,21957472513
"uL*qn<<}|(5{sF\TJ*an]hT;WYG-,l",16482645,3812140,9806733439,22770868254,21693021687
"ApLEB&:d']q)RsXuOt!fK""fom,C'N(5:}",16696200,3790382,9743801883,22687219989,21555226552
"P:d8b= 0#\$""?p&[sK",17478242,3834377,9263038797,22169127283,20534757765
4aJ`bK2d'-[Dc8<7h\,16705265,3902539,9846368290,22789758356,21757854500
ze4a=ZD#rDEi9/nG|yFVBQ3,16521087,3828161,9807828198,22779010558,21718166566
>54dzZT1i`#{YC3tJ2IiNw,16129329,3810339,9767313241,22809752230,21688046707
@OHfi{UC]0.+|D]cfX|H/B],16393886,3974487,9947426497,22791317661,21939602247
"#Il,Tfoyo[pd-NVOr[@t0#ci5[OMV1""",15813239,3819102,9778218563,22773668453,21679298722
NI0x/xo&C'2U,15981578,3847876,9864630968,22780395637,21764251089
Y.g<SlHQl9X6xPj=m+UXLJ;fjH2>Q]z{;EIj`}B,16896638,3965470,9911075277,22780484174,21861927317
rng<el'Q3(4,15997366,3978868,9923036832,22783754683,21886680307
"eH`o^w""ziNl<bYCo18""=t~kXqeOe('1<RuaOl?mj(wxkcK/EwT",15806526,3811717,9589833908,22679523083,21397049100
||aza8PUTUuN'Hz1=\DiAX'-,18164011,3838487,9914450526,22801939152,21828498901
"_x}`,uv q%CNZ2?)Csv-<u8:-Dsx%m",16185880,3846638,9505409980,22519182223,21157089556
"i=~&?i|%1moKXn3""lY-?LpD2S\6hN#L?CmVg[p_\'V=",16233505,3825354,9744184419,22802350217,21669656705
U{3/MxlJ~2l.9vQCO,16649811,3821402,9614134864,22627126056,21355471944
"2""l8_ipBVTC57! -a*~C\`AEaSvD;$",16476425,3831481,9941530926,22912204850,21954734941
"b~o{'-,$V]\U/6[{.&8q{VvdL~_@%8{m,ewwZ;4dNDp6Efq",15873338,3904842,9728200167,22658122136,21560479222
"Svk-[ycuKNls,*\Y_f?2( hI41j7h.!TFq{'5VCyw3",16303305,3866460,9886834213,22806901882,21903289071
)?<zryOZ%\FdQW(a6]Qq43k9c4+,16538680,3784063,9657486982,22602823832,21398386983
"Yb[l?+^dPjeHS=DIk=,V}I_@Q7Gj~:{hcwhV'kDZVbY",16089156,3796141,9599374731,22555656771,21273437827
Y@>z(f#T 5/Ve#X5'v9L>]YOpVDT>,16268885,3811087,9602329208,22672379691,21396664845
n6X#*0cwr*ZSczlr0(,16123286,3922415,9779992664,22656717757,21606683154
.Cm.EKaFa4T?N,16630784,3876744,9695083913,22669694043,21477763078
"a0^? !0b=_mwop K""5e=e[gk=[8E3wtvI>",16532609,3867118,10153268335,22695869637,22441206718
"Y&X3$eYm1.+jx>j?""~.1N8J`%Q}kn>4",16566779,3826054,9765138537,22824924780,21678674080
"eJ\rqqG=$V\Vs)mhaNfh]INS}zD^)=KQF+O=@8@'QJ,cQ",17260108,3822075,8203795823,20719946562,17943301950
+iWGH..2iS.Ow-XaSm$Da,16557265,3760673,9810904903,22802218836,21751245497
"7I{Sy=f>,#`<b3pDh'!Sw`QKB#$p-Wc",16478089,3809666,9688116244,22627418112,21531998706
"yNlDuNi]kAM`.3Qbtoj[p+jW7_,<}gr8p",16415070,3909650,9810358890,22677682350,21666064749
"g%Av=Fq.dd_b}9we""#It~|Qk(=X^Ozd@,9aex&=s[",16063316,3835573,9678302488,22659956922,21559952393
"bD~*3mj~^xHA'X]-V8>L<6}/][3,lXsk!(fA\(_]/w]#;R=+""|",16915377,3882395,9786410499,22657724975,21693543721
%[I/Q@M+Ql)$3[t/VrSl|d^KYDM<H#Rd,16104235,3849677,9869257209,22769878137,21799505938
"k?>DTYn]lEz.|NeVJ(Y.;7Ly,\Z'B7}>PE`L+m\8!p@!?q+a`.",15496650,3857857,9856869062,22840237509,21914102762
l|5'cnLXaE]SgEEV),15861893,3842765,9729999035,22760021719,21630472636
"ES}U*61GonR3zT8lxgx$6i^KmG&uy*.Y[9)/s,QF,rstt{;?59",15507237,3855534,9727210486,22822242288,21684199333
pxlpGMi0}4XLxwP>|UpzzuvnXwHR09w2,17609383,3830786,9513922719,22496059661,21189435818
"Y}DSc_n}<6W#*`^0""sg'D,U~O",15981598,3980038,9914070716,22799119974,21870877828
"Hd@J>r[M +b>J9XLP-GI""1#""b1%L-9NQ",15756651,3857471,9724246423,22803797963,21674445340
"-9gF%0-FB$BZ3E:w5h*k',$eP0&>gY76vdzmYJ!/!e",15565988,3823752,9609780020,22707659741,21464507004
`-eJI6>YXD'=NltZ:Tz-{N+:>Za=[d(K`3$b}@J'hcpQa,17385315,3860340,9832860208,22643804370,21641915729
GtYZ-;Xk;$RPy2I|@z4'QWyz lcE>fYk1gLi+pziN}mO[t48,15993696,3774974,9505872143,22514263513,21159782835
"h""p9HRv:.*v+UY""v)) e_3IgB9>&aT |>%&'yDvVDEJFwRk",15768749,3859025,9644891118,22669656054,21465682862
6M:=)_g~]vt&H)4 -~JW+XB38Y' > g&,16712423,3846487,9893644766,22790998036,21852117538
"0pH""!aFxtO?PVxbDo8!w90'ahaHFR|)hACtJMPLe",15912729,3836680,9635092546,22692548321,21449053024
<Mwlhg;$z4GY0yq}N,15589910,4003969,9775971468,22654137150,21707265816
"atA?SSwOG2[hKL/Ra67(=E`\l,B62FqaY8MsA[=b~Wa",16148022,3853833,9694231163,22622012866,21479632747
;KepK[6EJzs,15494194,3813058,9720758367,22830150091,21673184017
"7[Y[5(p0~PTZ#y+\+hmvU}#%{l""Qh",15665003,3804745,9673509688,22739999174,21564670015
5QP]I7g3t8}<F'u&s=cWQcou2fCz*gJzk5nDdKvf,16193094,3834047,9743684272,22795464592,21684441324
_ba4|(;g68tRq-X&l<FIYk%Z!ua FctzNNN/CALY(mbY}I,15921773,3917190,9838682177,22792958152,21836875916
"%$EjzY""9|?vHEA{sFS#{P^P^',6VV/B=2/8VBG7u#=;:",15244937,3807165,9602917475,22754140465,21510308548
O[s*PHalBcH8%Y15L I,16229783,3818270,9731073522,22780229056,21654865245
$VOT (5[.V}p),15856231,3830844,9523639979,22512451481,21236450418
"Qt+%Y@Nre>1&USG\!o,5}?5dW{3]Mwz~b1%w",16077993,4001592,9975569918,22760903314,22011263461
El%sws\5M'20A\6q5oRJ-hjQt9%J`[h)ZBFJ;Fh.jHZ,15733254,3754826,9433037745,22522262694,21101126638
"b;)#q&d{ULL^m<0}(]~D85{^H""0`F^:kN",15857886,3816053,9765201451,22821377123,21716124492
"Qp1`NN=VDVm|7'Dfld@Ibi1OEq7.i""]/Y",16204964,3865238,9921135788,22870117796,21969792802
".~oLs/q,Nx}AKl=A*",17075121,3961157,9883948708,22649566856,21749998501
e73]FN^w5nJgx}s#>HFz>^lj8F=L,17351885,3917766,9975240079,22790112283,21907794436
:hRL3v!!xQvFGSi0t'^6.!4,16025305,3771617,9739598077,22806653347,21681805917
"p?Yc9z lI""^B.e[Q",16165776,3808755,9829967512,22801758683,21786756440
"U<(a f3""Q2",15787029,3829371,9768860143,22777694361,21722094287
]hd\#t=F2X,16022724,3874745,9715583122,22749161861,21595989527
"s1MN,27j:@Q\6jX.W?I""[efby{W5I7 r>r!""j}<",15798778,3845794,9959392326,22923662194,22014678735
"N?<gS(d,i\@[MA]-]V5w;hCq~[I_`.|>3)]%gHt",15975691,3893987,9837388200,22778478187,21827720685
"(6eGjko)pcBKTjAq,3:7ItC=C7MH",15526136,3814085,9721072634,22803311357,21648529005
~/K$juCWT#?0:e+`VUZ\|Ji]'3Bd^$\?b61,15425423,3796632,9662318108,22691560373,21503278601
}B_eD 3g;q(e->,15704330,3823656,9808699018,22828728140,21833943778
"Gb~"":u_hF.K",15334047,3797477,9579201487,22697061645,21389707996
|13*ZEwLXt+HBN.d?;@0K2ceJ4o;d({Q!Em?4's&_Hnd=e,18024813,3904168,11172527592,22900586888,24086368354
"-!4G0aYR/""\7)""sP}=",16823295,3838302,9828131977,22782008141,21780107232
y6\@kmS%LR/5c?Jw]a[&1M1`i,17332326,3788133,9872237833,22791171817,21787087440
I&Rag=606g5S-_]1j|u0[a,16722351,3810613,9892382988,22831637439,21817586012
gWr17kO<)=Ujk&|Jxiq(kJfX0'DN:sI$Gbz,16203269,3921225,9827855095,22825108953,21765710865
"jrtWFo^fqWY+,|SS^t7$'{)qD{k)7* h",16647194,3815407,9897302308,22929154689,21917976739
bGW0YVCY'@;7ZKqZK%6|D,16281363,3828969,9686396305,22639667291,21441570274
_(1~x1PI0)ZTnw60H{FTau +KIq>Vmq@:QaFu*\VSIEIfD?^,16393294,3842552,9778188755,22740013193,21631193159
M]Wk!/FXY$)2'tQ/@;e3-C,17221798,3758770,8447222977,21482398999,19028208474
"YW.X{Xe|=""r IeV2qDyeo3dNqp1x7NPF\6{R:A3pLp",16603138,3843393,9536994122,22511033977,21146586822
S6wFzY4x=9!XJP5Q<zU)WSo905>Cn^m ^DDZ@{x?w@2so,16226373,3803899,9574566379,22609258760,21281113484
>iT\t!{Oz[O%.[^69;0iE U[hk+b+#a%2t9L,16953160,3947061,9805011400,22678782217,21628950721
';rR'\]F%L%VDl(ho-U^yl,16279576,3846227,9744146528,22665024016,21546050053
/9S9mt[sJrk>:/{*s/({\HjC,17401940,3818393,9938309412,22817336842,21909518681
"uqwjMG.<\r""{Sz#k{trX",15741941,3772336,9746408488,22842060926,21658676745
o^^pKhNrad248W!V6Q$R36d %>([Qb8,18164057,3800406,10032237394,22923467646,22086781884
",:~5PiG~~,ER0q;;|{TKf",16735523,3990939,9463521158,22458037470,21061984694
"6~6~:!h&K[#3$r=fL*k,6",15608662,3796386,9654596325,22797778442,21577884566
jco(&Sby=c}F,15614986,3834685,9573466588,22512786039,21257219619
"ZXUm)hxI0&8vF4(9eL,NZsoX\2",16464278,3800109,9840505471,22876939398,21791433989
"XH,DsH:H,B/!",18387274,3841194,9946634040,22793822643,21833817495
x!d!;U\htGrL3UcwPb)V3Z#vJg^*,17000330,3874751,9710961182,22575053490,21471961008
DPdBc}9F!-<cxy8>YX$,16321563,3809029,9713153869,22755843825,21594167244
}){ATRW`p 7Li{Y&uEJ,16479912,3799502,9804255524,22815534053,21740403299
yu]S9ipLOR!\bmxBK}5(X/OY(z,16133361,3937731,9319030579,22230671614,20798354132
5QOI.u.Gu0.KTPBoyE-iZP'T/,16144662,3877698,9875402802,22788105682,21827945480
^!w{&gg(uK/%rFZ1W_7TC#~,15625130,3801172,9731542950,22820252104,21673342763
]*YZ@}K?.Wrdz-%-8%qNhS,16261063,3889229,9850640960,22667863594,21734060567
>p1>r/s4E|\1 ?JgDasg6D./U4>,15769258,3815787,9293076948,22367336005,20800022126
|S5ZB}V1Gt|[]/b%Y\cWu{w1gy$@]!xeo~7$Z,16312808,3866361,9743643492,22773569920,21669295003
"i!!d:m{^(L<t*Lm&o""K",16216433,3857891,9839489615,22747931369,21750939892
*6n`q7[B2y*]ku1m*$AMArx^@o8'} p H6Y/[r&)h(k,15701571,3862923,9693745782,22695056146,21514555113
ScLY5hK@&wf'}k284RQHbd 4fqP\0',15417999,3910303,9583251673,22527892151,21309619806
"5ZaK&w,.qA",15719983,3837654,9611457933,22659097290,21407172403
"8y;"";eY}(tAyKw*(&-EP5Mnr;",17816473,3822797,9710743053,22648395102,21496542942
%~@<e]d{vqd\*3OEy,15533660,3912688,9713471529,22657618227,21566566345
Admv.$(F[$AX?951zDftf(_?3i_~S$El+R7f[K&!{~3cBh,15891575,3832984,9526268308,22583193086,21253038680
"4r0<F>/;-S1HBp<%t3Tx?\M.FFq)a"">_wdXGMs[5$'D2*m",15661703,3814437,9776379534,22770840110,21691498965
0KF{\\t=D'QvW:_K}^zN8,17155930,3875625,10752865923,22862715712,23379464397
VSZ'$P39$As;ig@y?YP<\,16214216,3914072,9825574387,22725344186,21667391548
~YR=Z]^mjBW-%DDS i[m{LC}{PH2<\Eo6PxMX^1 5yf \peBOz,16715322,3829829,9807070763,22787790373,21733378273
"g""p5bxA(,p;0ihe4YJJ_<!r:@t",16467841,4027429,8907291277,21846479398,19923438082
"P""ye%k1N.@vow=R~?uC9",16885572,3947249,9931649543,22791720268,21867251878
Qbx7W[{b$|#Utb`.F6U6{,16136162,3798598,9506522739,22492819352,21172069796
"W [7;d[&Eh8nxqeUU]P,",16561796,3820851,9966294062,22940827519,22019046997
